,DMA,scores,sd,count,Region,date
132,662,0.5,2.41,28,"Abilene-Sweetwater, TX",6/23/2015 21:22
26,525,-1,2.24,5,"Albany, GA",6/23/2015 21:22
33,532,0.16,0.99,32,"Albany-Schenectady-Troy, NY",6/23/2015 21:22
182,790,0.13,1.64,101,"Albuquerque-Santa Fe, NM",6/23/2015 21:22
120,644,-0.5,2.43,12,"Alexandria, LA",6/23/2015 21:22
110,634,0.37,2.31,35,"Amarillo, TX",6/23/2015 21:22
25,524,0.07,2.16,534,"Atlanta, GA",6/23/2015 21:22
21,520,-0.31,1.51,32,"Augusta, GA",6/23/2015 21:22
111,635,0.06,1.78,324,"Austin, TX",6/23/2015 21:22
183,800,0.04,2.29,114,"Bakersfield, CA",6/23/2015 21:22
13,512,-0.53,2.19,217,"Baltimore, MD",6/23/2015 21:22
38,537,0.5,3.54,2,"Bangor, ME",6/23/2015 21:22
153,716,-0.27,2.44,166,"Baton Rouge, LA",6/23/2015 21:22
145,692,0.13,1.81,87,"Beaumont-Port Arthur, TX",6/23/2015 21:22
194,821,0,0,5,"Bend, OR",6/23/2015 21:22
170,756,1.86,1.46,7,"Billings, MT",6/23/2015 21:22
163,746,0.08,1.98,26,"Biloxi-Gulfport, MS",6/23/2015 21:22
3,502,0,4.24,2,"Binghamton, NY",6/23/2015 21:22
106,630,0.39,1.9,104,"Birmingham, AL",6/23/2015 21:22
60,559,-0.44,2.01,9,"Bluefield-Beckley-Oak Hill, WV",6/23/2015 21:22
171,757,0.36,2.27,39,"Boise, ID",6/23/2015 21:22
7,506,0.11,2.14,346,"Boston, MA-Manchester, NH",6/23/2015 21:22
160,736,0.4,0.97,10,"Bowling Green, KY",6/23/2015 21:22
15,514,0.31,2.31,206,"Buffalo, NY",6/23/2015 21:22
24,523,-1.5,2.38,4,"Burlington, VT-Plattsburgh, NY",6/23/2015 21:22
168,754,3,4.24,2,"Butte-Bozeman, MT",6/23/2015 21:22
113,637,0.14,2.53,44,"Cedar Rapids-Waterloo-Iowa City & Dubuque, IA",6/23/2015 21:22
122,648,-0.38,2.24,64,"Champaign & Springfield-Decatur,IL",6/23/2015 21:22
20,519,-0.66,2.51,50,"Charleston, SC",6/23/2015 21:22
64,564,0.42,2.22,19,"Charleston-Huntington, WV",6/23/2015 21:22
18,517,0.24,2.08,233,"Charlotte, NC",6/23/2015 21:22
78,584,-0.26,3.54,19,"Charlottesville, VA",6/23/2015 21:22
73,575,0.08,1.64,51,"Chattanooga, TN",6/23/2015 21:22
173,759,0.33,0.58,3,"Cheyenne, WY-Scottsbluff, NE",6/23/2015 21:22
85,602,0.15,2.13,1184,"Chicago, IL",6/23/2015 21:22
201,868,0.22,2.83,23,"Chico-Redding, CA",6/23/2015 21:22
16,515,0.23,1.81,166,"Cincinnati, OH",6/23/2015 21:22
83,598,0.4,0.89,5,"Clarksburg-Weston, WV",6/23/2015 21:22
11,510,0.15,2,695,"Cleveland-Akron (Canton), OH",6/23/2015 21:22
166,752,-0.08,1.79,61,"Colorado Springs-Pueblo, CO",6/23/2015 21:22
47,546,0.04,4.24,24,"Columbia, SC",6/23/2015 21:22
87,604,0.6,1.95,5,"Columbia-Jefferson City, MO",6/23/2015 21:22
23,522,-0.1,2.24,96,"Columbus, GA",6/23/2015 21:22
36,535,0.03,2.2,315,"Columbus, OH",6/23/2015 21:22
136,673,-0.3,1.34,10,"Columbus-Tupelo-West Point, MS",6/23/2015 21:22
84,600,0.05,2.11,146,"Corpus Christi, TX",6/23/2015 21:22
100,623,0.06,2.04,1846,"Dallas-Ft. Worth, TX",6/23/2015 21:22
141,682,0.07,2,89,"Davenport,IA-Rock Island-Moline,IL",6/23/2015 21:22
43,542,0.32,2.26,91,"Dayton, OH",6/23/2015 21:22
165,751,0.18,2.25,228,"Denver, CO",6/23/2015 21:22
140,679,0.22,2.07,92,"Des Moines-Ames, IA",6/23/2015 21:22
6,505,0.12,2.19,674,"Detroit, MI",6/23/2015 21:22
89,606,0.3,0.8,20,"Dothan, AL",6/23/2015 21:22
138,676,-0.18,2.6,11,"Duluth, MN-Superior, WI",6/23/2015 21:22
177,765,0.14,2.16,100,"El Paso, TX",6/23/2015 21:22
65,565,0.38,1.92,8,"Elmira, NY",6/23/2015 21:22
17,516,0.5,1.34,22,"Erie, PA",6/23/2015 21:22
184,801,0.06,2.05,52,"Eugene, OR",6/23/2015 21:22
185,802,1,1.41,2,"Eureka, CA",6/23/2015 21:22
123,649,0.26,2.14,42,"Evansville, IN",6/23/2015 21:22
157,724,0.24,1.77,29,"Fargo-Valley City, ND",6/23/2015 21:22
14,513,0.6,2.44,86,"Flint-Saginaw-Bay City, MI",6/23/2015 21:22
69,570,0.28,1.74,78,"Florence-Myrtle Beach, SC",6/23/2015 21:22
200,866,0.26,1.91,246,"Fresno-Visalia, CA",6/23/2015 21:22
70,571,0.14,2.03,42,"Ft. Myers-Naples, FL",6/23/2015 21:22
134,670,0.4,2.84,30,"Ft. Smith-Fayetteville-Springdale-Rogers, AR",6/23/2015 21:22
10,509,0.42,2.35,72,"Ft. Wayne, IN",6/23/2015 21:22
80,592,0.38,1.63,16,"Gainesville, FL",6/23/2015 21:22
180,773,-0.89,2.52,9,"Grand Junction-Montrose, CO",6/23/2015 21:22
63,563,-0.13,2.99,107,"Grand Rapids-Kalamazoo-Battle Creek, MI",6/23/2015 21:22
169,755,-0.8,2.17,5,"Great Falls, MT",6/23/2015 21:22
129,658,0.42,2.11,38,"Green Bay-Appleton, WI",6/23/2015 21:22
19,518,0.01,2.45,151,"Greensboro-High Point-Winston Salem, NC",6/23/2015 21:22
46,545,-0.89,2.42,37,"Greenville-New Bern-Washington, NC",6/23/2015 21:22
67,567,0.41,1.64,103,"Greenville-Spartanburg, SC-Asheville, NC-Anderson, SC",6/23/2015 21:22
121,647,1.5,2.12,2,"Greenwood-Greenville, MS",6/23/2015 21:22
112,636,0.14,1.62,187,"Harlingen-Weslaco-Brownsville-McAllen, TX",6/23/2015 21:22
66,566,0.44,1.7,50,"Harrisburg-Lancaster-Lebanon-York, PA",6/23/2015 21:22
68,569,-0.4,0.89,5,"Harrisonburg, VA",6/23/2015 21:22
34,533,-0.04,2.27,147,"Hartford & New Haven, CT",6/23/2015 21:22
151,710,0,0.94,10,"Hattiesburg-Laurel, MS",6/23/2015 21:22
97,618,-0.03,2.28,1422,"Houston, TX",6/23/2015 21:22
144,691,0.28,2.15,46,"Huntsville-Decatur (Florence), AL",6/23/2015 21:22
172,758,0.61,1.14,18,"Idaho Falls-Pocatello, ID",6/23/2015 21:22
28,527,0.11,1.99,338,"Indianapolis, IN",6/23/2015 21:22
155,718,-0.01,1.84,148,"Jackson, MS",6/23/2015 21:22
115,639,-0.06,3.4,17,"Jackson, TN",6/23/2015 21:22
62,561,-0.55,2.71,31,"Jacksonville, FL",6/23/2015 21:22
72,574,1.4,1.95,5,"Johnstown-Altoona, PA",6/23/2015 21:22
159,734,0.12,2.36,8,"Jonesboro, AR",6/23/2015 21:22
86,603,0.25,1.24,28,"Joplin, MO-Pittsburg, KS",6/23/2015 21:22
95,616,0.25,2.54,227,"Kansas City, MO",6/23/2015 21:22
58,557,0.4,2.84,86,"Knoxville, TN",6/23/2015 21:22
148,702,1.18,1.63,17,"La Crosse-Eau Claire, WI",6/23/2015 21:22
77,582,0.22,2.39,9,"Lafayette, IN",6/23/2015 21:22
118,642,0.26,2.12,74,"Lafayette, LA",6/23/2015 21:22
119,643,-0.06,1.7,32,"Lake Charles, LA",6/23/2015 21:22
52,551,-0.39,2.54,49,"Lansing, MI",6/23/2015 21:22
164,749,0.61,4.49,18,"Laredo, TX",6/23/2015 21:22
197,839,0.33,2.22,209,"Las Vegas, NV",6/23/2015 21:22
42,541,0.33,1.38,39,"Lexington, KY",6/23/2015 21:22
59,558,0.56,1.2,18,"Lima, OH",6/23/2015 21:22
156,722,0.79,1.51,34,"Lincoln & Hastings-Kearney, NE",6/23/2015 21:22
146,693,0.02,1.45,84,"Little Rock-Pine Bluff, AR",6/23/2015 21:22
186,803,0.16,2.11,3193,"Los Angeles, CA",6/23/2015 21:22
30,529,-0.08,1.89,140,"Louisville, KY",6/23/2015 21:22
125,651,0.12,2.76,60,"Lubbock, TX",6/23/2015 21:22
4,503,0.32,1.71,71,"Macon, GA",6/23/2015 21:22
133,669,0.5,2.08,32,"Madison, WI",6/23/2015 21:22
161,737,-0.12,0.83,8,"Mankato, MN",6/23/2015 21:22
54,553,-0.2,0.45,5,"Marquette, MI",6/23/2015 21:22
191,813,-0.43,2.86,21,"Medford-Klamath Falls, OR",6/23/2015 21:22
116,640,0.02,2.17,200,"Memphis, TN",6/23/2015 21:22
152,711,-0.71,3.09,7,"Meridian, MS",6/23/2015 21:22
29,528,0.15,1.96,553,"Miami-Ft. Lauderdale, FL",6/23/2015 21:22
96,617,0.16,2.48,260,"Milwaukee, WI",6/23/2015 21:22
94,613,0.04,2.53,292,"Minneapolis-St. Paul, MN",6/23/2015 21:22
143,687,-0.8,1.79,5,"Minot-Bismarck-Dickinson(Williston), ND",6/23/2015 21:22
175,762,0.67,1.8,9,"Missoula, MT",6/23/2015 21:22
142,686,0.34,1.8,70,"Mobile, AL-Pensacola (Ft. Walton Beach), FL",6/23/2015 21:22
105,628,-0.86,2.44,49,"Monroe, LA-El Dorado, AR",6/23/2015 21:22
196,828,0.03,1.7,65,"Monterey-Salinas, CA",6/23/2015 21:22
147,698,-0.35,1.73,55,"Montgomery (Selma), AL",6/23/2015 21:22
130,659,0.12,2.06,293,"Nashville, TN",6/23/2015 21:22
99,622,0.03,1.75,421,"New Orleans, LA",6/23/2015 21:22
2,501,0.23,2.02,1305,"New York, NY",6/23/2015 21:22
45,544,0.28,2,390,"Norfolk-Portsmouth-Newport News,VA",6/23/2015 21:22
162,740,-3,NA,1,"North Platte, NE",6/23/2015 21:22
109,633,0.03,1.73,32,"Odessa-Midland, TX",6/23/2015 21:22
124,650,0.16,2.23,251,"Oklahoma City, OK",6/23/2015 21:22
126,652,-0.06,1.96,155,"Omaha, NE",6/23/2015 21:22
35,534,-0.03,1.87,301,"Orlando-Daytona Beach-Melbourne, FL",6/23/2015 21:22
107,631,0,0,2,"Ottumwa, IA-Kirksville, MO",6/23/2015 21:22
108,632,0.74,2.08,43,"Paducah, KY-Cape Girardeau, MO-Harrisburg-Mount Vernon, IL",6/23/2015 21:22
187,804,0.21,1.54,85,"Palm Springs, CA",6/23/2015 21:22
127,656,1.84,2.09,19,"Panama City, FL",6/23/2015 21:22
82,597,0.07,1.98,14,"Parkersburg, WV",6/23/2015 21:22
137,675,-0.45,1.72,29,"Peoria-Bloomington, IL",6/23/2015 21:22
5,504,-0.03,2.09,704,"Philadelphia, PA",6/23/2015 21:22
167,753,0.15,2.1,581,"Phoenix, AZ",6/23/2015 21:22
9,508,0.21,2.46,149,"Pittsburgh, PA",6/23/2015 21:22
193,820,0.35,1.87,301,"Portland, OR",6/23/2015 21:22
1,500,0.15,1.63,20,"Portland-Auburn, ME",6/23/2015 21:22
53,552,0.75,1.5,4,"Presque Isle, ME",6/23/2015 21:22
22,521,0.32,2.19,119,"Providence, RI-New Bedford, MA",6/23/2015 21:22
154,717,0.75,1.16,8,"Quincy, IL-Hannibal, MO-Keokuk, IA",6/23/2015 21:22
61,560,0.14,2.01,257,"Raleigh-Durham (Fayetteville), NC",6/23/2015 21:22
176,764,-0.88,3.76,8,"Rapid City, SD",6/23/2015 21:22
190,811,0.02,2.65,65,"Reno, NV",6/23/2015 21:22
57,556,0,1.78,54,"Richmond-Petersburg, VA",6/23/2015 21:22
71,573,0.1,2.86,58,"Roanoke-Lynchburg, VA",6/23/2015 21:22
92,611,-0.29,2.71,31,"Rochester, MN-Mason City, IA-Austin, MN",6/23/2015 21:22
39,538,-0.33,3.2,6,"Rochester, NY",6/23/2015 21:22
91,610,0.03,2.52,38,"Rockford, IL",6/23/2015 21:22
199,862,0.03,1.97,401,"Sacramento-Stockton-Modesto, CA",6/23/2015 21:22
74,576,0.04,1.11,26,"Salisbury, MD",6/23/2015 21:22
178,770,0.26,1.84,252,"Salt Lake City, UT",6/23/2015 21:22
131,661,-0.46,2.9,13,"San Angelo, TX",6/23/2015 21:22
117,641,-0.06,2.03,645,"San Antonio, TX",6/23/2015 21:22
195,825,0.25,2.14,474,"San Diego, CA",6/23/2015 21:22
188,807,0.19,1.81,962,"San Francisco-Oakland-San Jose, CA",6/23/2015 21:22
198,855,0.22,2.27,36,"Santa Barbara-Santa Maria-San Luis Obispo, CA",6/23/2015 21:22
8,507,-0.02,1.91,65,"Savannah, GA",6/23/2015 21:22
192,819,0.06,2.07,523,"Seattle-Tacoma, WA",6/23/2015 21:22
128,657,0.04,2.31,24,"Sherman, TX-Ada, OK",6/23/2015 21:22
93,612,0.17,1.86,92,"Shreveport, LA",6/23/2015 21:22
101,624,-0.1,2.31,31,"Sioux City, IA",6/23/2015 21:22
158,725,0.21,0.89,14,"Sioux Falls(Mitchell), SD",6/23/2015 21:22
79,588,0.45,1.71,75,"South Bend-Elkhart, IN",6/23/2015 21:22
202,881,0.44,1.45,43,"Spokane, WA",6/23/2015 21:22
98,619,0.5,1.62,24,"Springfield, MO",6/23/2015 21:22
44,543,0.43,2.16,44,"Springfield-Holyoke, MA",6/23/2015 21:22
114,638,0,NA,1,"St. Joseph, MO",6/23/2015 21:22
90,609,-0.28,2.31,111,"St. Louis, MO",6/23/2015 21:22
56,555,-0.07,2.06,45,"Syracuse, NY",6/23/2015 21:22
31,530,0.09,2,74,"Tallahassee, FL-Thomasville, GA",6/23/2015 21:22
40,539,0.25,2.11,142,"Tampa-St Petersburg (Sarasota), FL",6/23/2015 21:22
76,581,0.91,2.47,11,"Terre Haute, IN",6/23/2015 21:22
48,547,0.16,1.98,154,"Toledo, OH",6/23/2015 21:22
88,605,-0.12,2.28,16,"Topeka, KS",6/23/2015 21:22
41,540,0.38,0.74,8,"Traverse City-Cadillac, MI",6/23/2015 21:22
32,531,0,2.09,17,"Tri-Cities, TN-VA",6/23/2015 21:22
181,789,0.2,2.52,137,"Tucson (Sierra Vista), AZ",6/23/2015 21:22
135,671,0.55,2.35,110,"Tulsa, OK",6/23/2015 21:22
174,760,0,NA,1,"Twin Falls, ID",6/23/2015 21:22
150,709,-0.02,1.72,81,"Tyler-Longview(Lufkin & Nacogdoches), TX",6/23/2015 21:22
27,526,-0.23,1.83,13,"Utica, NY",6/23/2015 21:22
103,626,-0.24,1.79,17,"Victoria, TX",6/23/2015 21:22
102,625,0.1,1.68,131,"Waco-Temple-Bryan, TX",6/23/2015 21:22
12,511,0.02,1.88,519,"Washington, DC (Hagerstown, MD)",6/23/2015 21:22
50,549,0.58,2.31,12,"Watertown, NY",6/23/2015 21:22
149,705,-1,1.73,3,"Wausau-Rhinelander, WI",6/23/2015 21:22
49,548,0.42,2.46,113,"West Palm Beach-Ft. Pierce, FL",6/23/2015 21:22
55,554,0.38,2.13,8,"Wheeling, WV-Steubenville, OH",6/23/2015 21:22
104,627,0.58,1.88,31,"Wichita Falls, TX & Lawton, OK",6/23/2015 21:22
139,678,0.24,1.79,112,"Wichita-Hutchinson, KS",6/23/2015 21:22
75,577,-0.69,2.26,32,"Wilkes Barre-Scranton, PA",6/23/2015 21:22
51,550,0,0,2,"Wilmington, NC",6/23/2015 21:22
189,810,0.39,2.14,77,"Yakima-Pasco-Richland-Kennewick, WA",6/23/2015 21:22
37,536,0.53,1.86,53,"Youngstown, OH",6/23/2015 21:22
179,771,-0.5,2.03,16,"Yuma, AZ-El Centro, CA",6/23/2015 21:22
81,596,0,NA,1,"Zanesville, OH",6/23/2015 21:22
131,662,-0.28,1.84,18,"Abilene-Sweetwater, TX",6/24/2015 17:22
26,525,-0.13,2.06,30,"Albany, GA",6/24/2015 17:22
33,532,0.32,1.68,53,"Albany-Schenectady-Troy, NY",6/24/2015 17:22
182,790,0.16,1.91,94,"Albuquerque-Santa Fe, NM",6/24/2015 17:22
119,644,-0.14,1.83,14,"Alexandria, LA",6/24/2015 17:22
110,634,0.19,1.69,36,"Amarillo, TX",6/24/2015 17:22
25,524,0.2,1.69,531,"Atlanta, GA",6/24/2015 17:22
21,520,0.6,1.67,50,"Augusta, GA",6/24/2015 17:22
111,635,0.1,1.85,334,"Austin, TX",6/24/2015 17:22
184,800,-0.13,2.17,83,"Bakersfield, CA",6/24/2015 17:22
13,512,-0.32,1.99,232,"Baltimore, MD",6/24/2015 17:22
38,537,1.57,1.81,7,"Bangor, ME",6/24/2015 17:22
152,716,-0.56,2.22,202,"Baton Rouge, LA",6/24/2015 17:22
144,692,0.18,1.91,67,"Beaumont-Port Arthur, TX",6/24/2015 17:22
195,821,1.17,1.33,6,"Bend, OR",6/24/2015 17:22
169,756,0.45,1.04,11,"Billings, MT",6/24/2015 17:22
162,746,-0.6,3.02,30,"Biloxi-Gulfport, MS",6/24/2015 17:22
3,502,0.36,1.65,22,"Binghamton, NY",6/24/2015 17:22
106,630,0.01,1.61,120,"Birmingham, AL",6/24/2015 17:22
60,559,1.14,2.48,14,"Bluefield-Beckley-Oak Hill, WV",6/24/2015 17:22
170,757,0.31,3.33,13,"Boise, ID",6/24/2015 17:22
7,506,0.25,1.81,521,"Boston, MA-Manchester, NH",6/24/2015 17:22
159,736,0.12,0.81,16,"Bowling Green, KY",6/24/2015 17:22
15,514,-0.02,1.92,170,"Buffalo, NY",6/24/2015 17:22
24,523,0.15,1.46,13,"Burlington, VT-Plattsburgh, NY",6/24/2015 17:22
167,754,-2.33,4.04,3,"Butte-Bozeman, MT",6/24/2015 17:22
177,767,0,0,2,"Casper-Riverton, WY",6/24/2015 17:22
113,637,0.21,1.92,62,"Cedar Rapids-Waterloo-Iowa City & Dubuque, IA",6/24/2015 17:22
121,648,0.82,1.87,45,"Champaign & Springfield-Decatur,IL",6/24/2015 17:22
20,519,-0.33,3.31,55,"Charleston, SC",6/24/2015 17:22
64,564,-0.12,2.49,56,"Charleston-Huntington, WV",6/24/2015 17:22
18,517,0.1,1.87,344,"Charlotte, NC",6/24/2015 17:22
78,584,0.75,1.5,4,"Charlottesville, VA",6/24/2015 17:22
73,575,0.09,1.72,54,"Chattanooga, TN",6/24/2015 17:22
85,602,0.26,2.16,1340,"Chicago, IL",6/24/2015 17:22
202,868,0.15,2.24,33,"Chico-Redding, CA",6/24/2015 17:22
16,515,0.07,2.21,171,"Cincinnati, OH",6/24/2015 17:22
83,598,0.5,1.22,6,"Clarksburg-Weston, WV",6/24/2015 17:22
11,510,0.01,2.32,626,"Cleveland-Akron (Canton), OH",6/24/2015 17:22
165,752,0.34,2.06,65,"Colorado Springs-Pueblo, CO",6/24/2015 17:22
47,546,0.32,1.61,44,"Columbia, SC",6/24/2015 17:22
87,604,-0.17,2.23,6,"Columbia-Jefferson City, MO",6/24/2015 17:22
23,522,0.08,2.18,91,"Columbus, GA",6/24/2015 17:22
36,535,0.31,1.68,332,"Columbus, OH",6/24/2015 17:22
135,673,-1.17,2.89,12,"Columbus-Tupelo-West Point, MS",6/24/2015 17:22
84,600,0.09,1.44,77,"Corpus Christi, TX",6/24/2015 17:22
100,623,0.19,1.84,1454,"Dallas-Ft. Worth, TX",6/24/2015 17:22
140,682,0.22,1.91,49,"Davenport,IA-Rock Island-Moline,IL",6/24/2015 17:22
43,542,0.06,2.57,107,"Dayton, OH",6/24/2015 17:22
164,751,0.23,1.99,322,"Denver, CO",6/24/2015 17:22
139,679,-0.02,2.03,100,"Des Moines-Ames, IA",6/24/2015 17:22
6,505,-0.12,1.95,628,"Detroit, MI",6/24/2015 17:22
89,606,0.4,0.89,5,"Dothan, AL",6/24/2015 17:22
137,676,0.27,0.9,11,"Duluth, MN-Superior, WI",6/24/2015 17:22
175,765,0.26,2.31,68,"El Paso, TX",6/24/2015 17:22
65,565,-0.33,1.64,18,"Elmira, NY",6/24/2015 17:22
17,516,0.48,1.5,23,"Erie, PA",6/24/2015 17:22
185,801,0.62,1.99,39,"Eugene, OR",6/24/2015 17:22
186,802,0.54,1.98,13,"Eureka, CA",6/24/2015 17:22
122,649,0.68,2.11,47,"Evansville, IN",6/24/2015 17:22
156,724,-0.11,3.2,28,"Fargo-Valley City, ND",6/24/2015 17:22
14,513,0.07,2.18,55,"Flint-Saginaw-Bay City, MI",6/24/2015 17:22
69,570,0.13,1.98,79,"Florence-Myrtle Beach, SC",6/24/2015 17:22
201,866,0.18,2.1,183,"Fresno-Visalia, CA",6/24/2015 17:22
70,571,0.48,1.47,60,"Ft. Myers-Naples, FL",6/24/2015 17:22
133,670,0.56,2.13,16,"Ft. Smith-Fayetteville-Springdale-Rogers, AR",6/24/2015 17:22
10,509,0.27,2.66,74,"Ft. Wayne, IN",6/24/2015 17:22
80,592,0.12,1.19,24,"Gainesville, FL",6/24/2015 17:22
183,798,-0.5,0.71,2,"Glendive, MT",6/24/2015 17:22
180,773,0,NA,1,"Grand Junction-Montrose, CO",6/24/2015 17:22
63,563,0.01,2.07,153,"Grand Rapids-Kalamazoo-Battle Creek, MI",6/24/2015 17:22
168,755,-0.67,1.15,3,"Great Falls, MT",6/24/2015 17:22
128,658,0.22,1.6,41,"Green Bay-Appleton, WI",6/24/2015 17:22
19,518,-0.15,1.98,183,"Greensboro-High Point-Winston Salem, NC",6/24/2015 17:22
46,545,0.26,2.03,58,"Greenville-New Bern-Washington, NC",6/24/2015 17:22
67,567,0.24,2.06,76,"Greenville-Spartanburg, SC-Asheville, NC-Anderson, SC",6/24/2015 17:22
120,647,1.4,2.19,5,"Greenwood-Greenville, MS",6/24/2015 17:22
112,636,0.14,1.68,156,"Harlingen-Weslaco-Brownsville-McAllen, TX",6/24/2015 17:22
66,566,0.49,1.6,45,"Harrisburg-Lancaster-Lebanon-York, PA",6/24/2015 17:22
68,569,1,1.6,12,"Harrisonburg, VA",6/24/2015 17:22
34,533,-0.22,2.18,107,"Hartford & New Haven, CT",6/24/2015 17:22
150,710,-1.06,5.09,17,"Hattiesburg-Laurel, MS",6/24/2015 17:22
176,766,-1,NA,1,"Helena, MT",6/24/2015 17:22
97,618,0.04,2.09,1180,"Houston, TX",6/24/2015 17:22
143,691,0.27,1.76,44,"Huntsville-Decatur (Florence), AL",6/24/2015 17:22
171,758,0.25,1.48,16,"Idaho Falls-Pocatello, ID",6/24/2015 17:22
28,527,0.33,2.12,327,"Indianapolis, IN",6/24/2015 17:22
154,718,-0.17,2.85,77,"Jackson, MS",6/24/2015 17:22
114,639,1.2,1.64,5,"Jackson, TN",6/24/2015 17:22
62,561,-0.1,1.47,39,"Jacksonville, FL",6/24/2015 17:22
72,574,-1,2,9,"Johnstown-Altoona, PA",6/24/2015 17:22
158,734,0,0,4,"Jonesboro, AR",6/24/2015 17:22
86,603,0.08,1.62,12,"Joplin, MO-Pittsburg, KS",6/24/2015 17:22
95,616,0.43,1.87,179,"Kansas City, MO",6/24/2015 17:22
58,557,0.43,1.57,115,"Knoxville, TN",6/24/2015 17:22
147,702,-0.07,1.49,15,"La Crosse-Eau Claire, WI",6/24/2015 17:22
77,582,0.21,1.42,14,"Lafayette, IN",6/24/2015 17:22
117,642,-0.01,1.53,72,"Lafayette, LA",6/24/2015 17:22
118,643,-0.28,2.05,18,"Lake Charles, LA",6/24/2015 17:22
52,551,-0.1,1.56,70,"Lansing, MI",6/24/2015 17:22
163,749,-0.5,1.83,12,"Laredo, TX",6/24/2015 17:22
198,839,0.03,2.05,197,"Las Vegas, NV",6/24/2015 17:22
42,541,0.38,1.71,42,"Lexington, KY",6/24/2015 17:22
59,558,0.78,1.2,9,"Lima, OH",6/24/2015 17:22
155,722,0.02,1.91,51,"Lincoln & Hastings-Kearney, NE",6/24/2015 17:22
145,693,0.33,2.2,66,"Little Rock-Pine Bluff, AR",6/24/2015 17:22
187,803,0.27,2.25,3303,"Los Angeles, CA",6/24/2015 17:22
30,529,0.66,1.74,109,"Louisville, KY",6/24/2015 17:22
124,651,0.36,1.4,36,"Lubbock, TX",6/24/2015 17:22
4,503,1.06,2.25,116,"Macon, GA",6/24/2015 17:22
132,669,0.5,2.75,12,"Madison, WI",6/24/2015 17:22
160,737,1,4.16,12,"Mankato, MN",6/24/2015 17:22
54,553,-2,2.83,2,"Marquette, MI",6/24/2015 17:22
192,813,0.75,1.43,28,"Medford-Klamath Falls, OR",6/24/2015 17:22
115,640,0,1.98,215,"Memphis, TN",6/24/2015 17:22
151,711,0,0,2,"Meridian, MS",6/24/2015 17:22
29,528,0.16,1.86,616,"Miami-Ft. Lauderdale, FL",6/24/2015 17:22
96,617,0.38,1.83,265,"Milwaukee, WI",6/24/2015 17:22
94,613,0.32,1.66,237,"Minneapolis-St. Paul, MN",6/24/2015 17:22
142,687,0.86,1.57,7,"Minot-Bismarck-Dickinson(Williston), ND",6/24/2015 17:22
173,762,1,1.63,10,"Missoula, MT",6/24/2015 17:22
141,686,-0.1,2.17,89,"Mobile, AL-Pensacola (Ft. Walton Beach), FL",6/24/2015 17:22
105,628,-0.5,3.54,36,"Monroe, LA-El Dorado, AR",6/24/2015 17:22
197,828,0.19,2.13,74,"Monterey-Salinas, CA",6/24/2015 17:22
146,698,-0.62,2.38,45,"Montgomery (Selma), AL",6/24/2015 17:22
129,659,0.5,2.07,319,"Nashville, TN",6/24/2015 17:22
99,622,0.02,2.1,355,"New Orleans, LA",6/24/2015 17:22
2,501,0.27,1.73,1712,"New York, NY",6/24/2015 17:22
45,544,0.17,1.8,269,"Norfolk-Portsmouth-Newport News,VA",6/24/2015 17:22
161,740,0,0,5,"North Platte, NE",6/24/2015 17:22
109,633,0.57,2.25,23,"Odessa-Midland, TX",6/24/2015 17:22
123,650,0.07,2.12,216,"Oklahoma City, OK",6/24/2015 17:22
125,652,0.15,1.79,177,"Omaha, NE",6/24/2015 17:22
35,534,0.16,1.87,363,"Orlando-Daytona Beach-Melbourne, FL",6/24/2015 17:22
107,631,2,1.73,3,"Ottumwa, IA-Kirksville, MO",6/24/2015 17:22
108,632,0.54,1.59,24,"Paducah, KY-Cape Girardeau, MO-Harrisburg-Mount Vernon, IL",6/24/2015 17:22
188,804,-0.09,1.93,64,"Palm Springs, CA",6/24/2015 17:22
126,656,0.26,1.66,23,"Panama City, FL",6/24/2015 17:22
82,597,0.36,1.47,22,"Parkersburg, WV",6/24/2015 17:22
136,675,0.32,1.45,19,"Peoria-Bloomington, IL",6/24/2015 17:22
5,504,0.12,2,622,"Philadelphia, PA",6/24/2015 17:22
166,753,0.13,1.91,654,"Phoenix, AZ",6/24/2015 17:22
9,508,0.38,1.91,176,"Pittsburgh, PA",6/24/2015 17:22
194,820,0.29,2.03,420,"Portland, OR",6/24/2015 17:22
1,500,-0.14,2.14,35,"Portland-Auburn, ME",6/24/2015 17:22
53,552,0,NA,1,"Presque Isle, ME",6/24/2015 17:22
22,521,0.18,2.78,93,"Providence, RI-New Bedford, MA",6/24/2015 17:22
153,717,2.5,3.32,4,"Quincy, IL-Hannibal, MO-Keokuk, IA",6/24/2015 17:22
61,560,0.33,2.2,293,"Raleigh-Durham (Fayetteville), NC",6/24/2015 17:22
174,764,0,1,9,"Rapid City, SD",6/24/2015 17:22
191,811,0.19,1.66,48,"Reno, NV",6/24/2015 17:22
57,556,0.07,1.9,59,"Richmond-Petersburg, VA",6/24/2015 17:22
71,573,-0.02,2.03,51,"Roanoke-Lynchburg, VA",6/24/2015 17:22
92,611,0.75,1.75,8,"Rochester, MN-Mason City, IA-Austin, MN",6/24/2015 17:22
39,538,0.62,1.19,13,"Rochester, NY",6/24/2015 17:22
91,610,0.27,1.14,45,"Rockford, IL",6/24/2015 17:22
200,862,-0.01,2.03,385,"Sacramento-Stockton-Modesto, CA",6/24/2015 17:22
74,576,0.4,2.71,35,"Salisbury, MD",6/24/2015 17:22
178,770,0.07,2.05,191,"Salt Lake City, UT",6/24/2015 17:22
130,661,-1.36,3.83,11,"San Angelo, TX",6/24/2015 17:22
116,641,0.18,2.03,370,"San Antonio, TX",6/24/2015 17:22
196,825,0.26,1.94,400,"San Diego, CA",6/24/2015 17:22
189,807,0.18,1.98,1041,"San Francisco-Oakland-San Jose, CA",6/24/2015 17:22
199,855,0.35,1.87,40,"Santa Barbara-Santa Maria-San Luis Obispo, CA",6/24/2015 17:22
8,507,-0.26,1.94,58,"Savannah, GA",6/24/2015 17:22
193,819,0.24,2.3,450,"Seattle-Tacoma, WA",6/24/2015 17:22
127,657,1.5,3,4,"Sherman, TX-Ada, OK",6/24/2015 17:22
93,612,-0.54,2.49,69,"Shreveport, LA",6/24/2015 17:22
101,624,0.06,1.14,35,"Sioux City, IA",6/24/2015 17:22
157,725,0,0.94,10,"Sioux Falls(Mitchell), SD",6/24/2015 17:22
79,588,0.39,1.89,49,"South Bend-Elkhart, IN",6/24/2015 17:22
203,881,0.76,1.91,42,"Spokane, WA",6/24/2015 17:22
98,619,0.95,2.35,20,"Springfield, MO",6/24/2015 17:22
44,543,0.26,2.74,43,"Springfield-Holyoke, MA",6/24/2015 17:22
90,609,-0.03,1.84,142,"St. Louis, MO",6/24/2015 17:22
56,555,-0.45,2.03,49,"Syracuse, NY",6/24/2015 17:22
31,530,-0.23,1.72,66,"Tallahassee, FL-Thomasville, GA",6/24/2015 17:22
40,539,0.17,2.04,236,"Tampa-St Petersburg (Sarasota), FL",6/24/2015 17:22
76,581,0.36,0.93,14,"Terre Haute, IN",6/24/2015 17:22
48,547,0.11,2.01,112,"Toledo, OH",6/24/2015 17:22
88,605,0.2,1.75,35,"Topeka, KS",6/24/2015 17:22
41,540,0.46,0.97,13,"Traverse City-Cadillac, MI",6/24/2015 17:22
32,531,0.3,1.34,10,"Tri-Cities, TN-VA",6/24/2015 17:22
181,789,-0.07,2.12,119,"Tucson (Sierra Vista), AZ",6/24/2015 17:22
134,671,0.25,1.86,109,"Tulsa, OK",6/24/2015 17:22
172,760,-1,1.41,2,"Twin Falls, ID",6/24/2015 17:22
149,709,0.12,1.37,76,"Tyler-Longview(Lufkin & Nacogdoches), TX",6/24/2015 17:22
27,526,0,1.24,14,"Utica, NY",6/24/2015 17:22
103,626,0.71,2.36,7,"Victoria, TX",6/24/2015 17:22
102,625,0.33,1.81,176,"Waco-Temple-Bryan, TX",6/24/2015 17:22
12,511,0.24,1.98,532,"Washington, DC (Hagerstown, MD)",6/24/2015 17:22
50,549,0,0,2,"Watertown, NY",6/24/2015 17:22
148,705,0,0,6,"Wausau-Rhinelander, WI",6/24/2015 17:22
49,548,0.18,1.5,170,"West Palm Beach-Ft. Pierce, FL",6/24/2015 17:22
55,554,-0.42,1.44,12,"Wheeling, WV-Steubenville, OH",6/24/2015 17:22
104,627,0.38,2.9,24,"Wichita Falls, TX & Lawton, OK",6/24/2015 17:22
138,678,0.58,1.99,95,"Wichita-Hutchinson, KS",6/24/2015 17:22
75,577,0.15,1.92,46,"Wilkes Barre-Scranton, PA",6/24/2015 17:22
51,550,0.5,1.73,12,"Wilmington, NC",6/24/2015 17:22
190,810,0.22,1.8,50,"Yakima-Pasco-Richland-Kennewick, WA",6/24/2015 17:22
37,536,-0.29,2.09,49,"Youngstown, OH",6/24/2015 17:22
179,771,0.29,2.65,28,"Yuma, AZ-El Centro, CA",6/24/2015 17:22
81,596,-1.5,0.71,2,"Zanesville, OH",6/24/2015 17:22
130,662,0.25,2.8,12,"Abilene-Sweetwater, TX",6/25/2015 13:58
26,525,0.25,1.26,4,"Albany, GA",6/25/2015 13:58
33,532,0.37,1.24,46,"Albany-Schenectady-Troy, NY",6/25/2015 13:58
179,790,0.24,2.35,113,"Albuquerque-Santa Fe, NM",6/25/2015 13:58
119,644,0.78,2.33,9,"Alexandria, LA",6/25/2015 13:58
78,583,0,0,6,"Alpena, MI",6/25/2015 13:58
110,634,0.3,1.3,20,"Amarillo, TX",6/25/2015 13:58
25,524,0.02,2.06,521,"Atlanta, GA",6/25/2015 13:58
21,520,0.37,2.07,38,"Augusta, GA",6/25/2015 13:58
111,635,0.22,2.01,325,"Austin, TX",6/25/2015 13:58
181,800,0.23,1.68,81,"Bakersfield, CA",6/25/2015 13:58
13,512,0.06,2.32,249,"Baltimore, MD",6/25/2015 13:58
38,537,-0.44,1.33,9,"Bangor, ME",6/25/2015 13:58
150,716,-0.39,2.23,139,"Baton Rouge, LA",6/25/2015 13:58
143,692,0.01,1.92,72,"Beaumont-Port Arthur, TX",6/25/2015 13:58
192,821,1.33,1.53,3,"Bend, OR",6/25/2015 13:58
165,756,0,0,6,"Billings, MT",6/25/2015 13:58
159,746,-0.29,2.19,42,"Biloxi-Gulfport, MS",6/25/2015 13:58
3,502,-1.14,1.46,7,"Binghamton, NY",6/25/2015 13:58
107,630,0.29,1.62,122,"Birmingham, AL",6/25/2015 13:58
60,559,0,0,2,"Bluefield-Beckley-Oak Hill, WV",6/25/2015 13:58
166,757,0.05,1.84,22,"Boise, ID",6/25/2015 13:58
7,506,0.17,1.93,430,"Boston, MA-Manchester, NH",6/25/2015 13:58
157,736,-0.15,0.95,27,"Bowling Green, KY",6/25/2015 13:58
15,514,0.2,1.71,152,"Buffalo, NY",6/25/2015 13:58
24,523,0.31,1.01,16,"Burlington, VT-Plattsburgh, NY",6/25/2015 13:58
164,754,-0.8,1.92,5,"Butte-Bozeman, MT",6/25/2015 13:58
174,767,0.6,1.34,5,"Casper-Riverton, WY",6/25/2015 13:58
113,637,0.71,2.11,51,"Cedar Rapids-Waterloo-Iowa City & Dubuque, IA",6/25/2015 13:58
120,648,-0.16,2.04,88,"Champaign & Springfield-Decatur,IL",6/25/2015 13:58
20,519,-0.22,2.57,68,"Charleston, SC",6/25/2015 13:58
64,564,0.65,2.68,26,"Charleston-Huntington, WV",6/25/2015 13:58
18,517,0.21,2.06,298,"Charlotte, NC",6/25/2015 13:58
79,584,0,2.83,5,"Charlottesville, VA",6/25/2015 13:58
73,575,-0.19,1.99,43,"Chattanooga, TN",6/25/2015 13:58
168,759,-1.57,2.15,7,"Cheyenne, WY-Scottsbluff, NE",6/25/2015 13:58
86,602,0.21,1.99,1181,"Chicago, IL",6/25/2015 13:58
199,868,0.96,3.07,24,"Chico-Redding, CA",6/25/2015 13:58
16,515,-0.14,1.74,175,"Cincinnati, OH",6/25/2015 13:58
84,598,0.25,0.71,8,"Clarksburg-Weston, WV",6/25/2015 13:58
11,510,0.05,2.01,575,"Cleveland-Akron (Canton), OH",6/25/2015 13:58
162,752,0.62,2.07,71,"Colorado Springs-Pueblo, CO",6/25/2015 13:58
47,546,0.05,2.67,39,"Columbia, SC",6/25/2015 13:58
88,604,-0.43,2.15,7,"Columbia-Jefferson City, MO",6/25/2015 13:58
23,522,0.49,2.37,49,"Columbus, GA",6/25/2015 13:58
36,535,0.08,2.34,324,"Columbus, OH",6/25/2015 13:58
134,673,-0.38,1.69,8,"Columbus-Tupelo-West Point, MS",6/25/2015 13:58
85,600,0.04,1.95,100,"Corpus Christi, TX",6/25/2015 13:58
101,623,0.17,2.11,1355,"Dallas-Ft. Worth, TX",6/25/2015 13:58
139,682,-0.23,2.26,47,"Davenport,IA-Rock Island-Moline,IL",6/25/2015 13:58
43,542,0.33,2.04,96,"Dayton, OH",6/25/2015 13:58
161,751,0.35,2.26,271,"Denver, CO",6/25/2015 13:58
138,679,0.32,1.65,72,"Des Moines-Ames, IA",6/25/2015 13:58
6,505,0.11,2.15,558,"Detroit, MI",6/25/2015 13:58
90,606,0.33,1.37,6,"Dothan, AL",6/25/2015 13:58
136,676,0.81,2.34,16,"Duluth, MN-Superior, WI",6/25/2015 13:58
172,765,0.45,1.93,64,"El Paso, TX",6/25/2015 13:58
65,565,0.14,1.17,14,"Elmira, NY",6/25/2015 13:58
17,516,0.14,1.54,35,"Erie, PA",6/25/2015 13:58
182,801,0.51,1.77,61,"Eugene, OR",6/25/2015 13:58
183,802,-1.75,2.87,4,"Eureka, CA",6/25/2015 13:58
121,649,-0.15,1.48,41,"Evansville, IN",6/25/2015 13:58
154,724,0.32,1.67,19,"Fargo-Valley City, ND",6/25/2015 13:58
14,513,-0.52,2.15,50,"Flint-Saginaw-Bay City, MI",6/25/2015 13:58
69,570,0.08,1.66,66,"Florence-Myrtle Beach, SC",6/25/2015 13:58
198,866,0.12,2.17,195,"Fresno-Visalia, CA",6/25/2015 13:58
70,571,0.48,1.72,54,"Ft. Myers-Naples, FL",6/25/2015 13:58
132,670,0.31,2.79,29,"Ft. Smith-Fayetteville-Springdale-Rogers, AR",6/25/2015 13:58
10,509,0.08,1.84,75,"Ft. Wayne, IN",6/25/2015 13:58
81,592,0.57,2.24,14,"Gainesville, FL",6/25/2015 13:58
180,798,0,NA,1,"Glendive, MT",6/25/2015 13:58
177,773,2.5,3.32,4,"Grand Junction-Montrose, CO",6/25/2015 13:58
63,563,-0.22,2.09,105,"Grand Rapids-Kalamazoo-Battle Creek, MI",6/25/2015 13:58
127,658,0.38,2.18,29,"Green Bay-Appleton, WI",6/25/2015 13:58
19,518,-0.04,2.16,128,"Greensboro-High Point-Winston Salem, NC",6/25/2015 13:58
46,545,-0.15,2.3,27,"Greenville-New Bern-Washington, NC",6/25/2015 13:58
67,567,0.05,1.52,77,"Greenville-Spartanburg, SC-Asheville, NC-Anderson, SC",6/25/2015 13:58
112,636,0.29,2.11,129,"Harlingen-Weslaco-Brownsville-McAllen, TX",6/25/2015 13:58
66,566,0.17,1.45,46,"Harrisburg-Lancaster-Lebanon-York, PA",6/25/2015 13:58
68,569,0,2.16,4,"Harrisonburg, VA",6/25/2015 13:58
34,533,0.16,1.81,127,"Hartford & New Haven, CT",6/25/2015 13:58
149,710,-0.43,1.13,7,"Hattiesburg-Laurel, MS",6/25/2015 13:58
173,766,0,0,2,"Helena, MT",6/25/2015 13:58
98,618,0.18,1.85,897,"Houston, TX",6/25/2015 13:58
142,691,-0.02,1.77,41,"Huntsville-Decatur (Florence), AL",6/25/2015 13:58
167,758,-0.06,2.54,17,"Idaho Falls-Pocatello, ID",6/25/2015 13:58
28,527,0.19,2.08,331,"Indianapolis, IN",6/25/2015 13:58
152,718,0.29,1.91,90,"Jackson, MS",6/25/2015 13:58
114,639,0.5,2.95,6,"Jackson, TN",6/25/2015 13:58
62,561,0.33,0.89,12,"Jacksonville, FL",6/25/2015 13:58
72,574,0.23,1.64,13,"Johnstown-Altoona, PA",6/25/2015 13:58
156,734,0.6,0.89,5,"Jonesboro, AR",6/25/2015 13:58
87,603,0.5,1.41,8,"Joplin, MO-Pittsburg, KS",6/25/2015 13:58
96,616,0.4,1.96,210,"Kansas City, MO",6/25/2015 13:58
58,557,0.16,2.17,77,"Knoxville, TN",6/25/2015 13:58
146,702,0.08,0.29,12,"La Crosse-Eau Claire, WI",6/25/2015 13:58
77,582,0.37,2.17,19,"Lafayette, IN",6/25/2015 13:58
117,642,-0.32,2.25,59,"Lafayette, LA",6/25/2015 13:58
118,643,0.41,3.18,17,"Lake Charles, LA",6/25/2015 13:58
52,551,0.19,2.26,69,"Lansing, MI",6/25/2015 13:58
160,749,-0.5,1.65,14,"Laredo, TX",6/25/2015 13:58
195,839,0.28,2.3,247,"Las Vegas, NV",6/25/2015 13:58
42,541,0.93,2.1,29,"Lexington, KY",6/25/2015 13:58
59,558,0.4,1.5,15,"Lima, OH",6/25/2015 13:58
153,722,0,1.6,41,"Lincoln & Hastings-Kearney, NE",6/25/2015 13:58
144,693,0.55,2.01,82,"Little Rock-Pine Bluff, AR",6/25/2015 13:58
184,803,0.2,1.93,3042,"Los Angeles, CA",6/25/2015 13:58
30,529,0.13,2.06,101,"Louisville, KY",6/25/2015 13:58
123,651,0.42,2.25,31,"Lubbock, TX",6/25/2015 13:58
4,503,0.34,1.6,38,"Macon, GA",6/25/2015 13:58
131,669,0.58,1.31,12,"Madison, WI",6/25/2015 13:58
158,737,0.5,0.93,8,"Mankato, MN",6/25/2015 13:58
54,553,0,0,2,"Marquette, MI",6/25/2015 13:58
189,813,0.55,1.44,33,"Medford-Klamath Falls, OR",6/25/2015 13:58
115,640,0.13,2.31,142,"Memphis, TN",6/25/2015 13:58
29,528,0.09,2.31,526,"Miami-Ft. Lauderdale, FL",6/25/2015 13:58
97,617,0.21,2.11,218,"Milwaukee, WI",6/25/2015 13:58
95,613,0.4,1.98,240,"Minneapolis-St. Paul, MN",6/25/2015 13:58
141,687,0.64,2.34,11,"Minot-Bismarck-Dickinson(Williston), ND",6/25/2015 13:58
170,762,0.62,2.67,8,"Missoula, MT",6/25/2015 13:58
140,686,-0.04,2.02,113,"Mobile, AL-Pensacola (Ft. Walton Beach), FL",6/25/2015 13:58
106,628,0.1,1.16,52,"Monroe, LA-El Dorado, AR",6/25/2015 13:58
194,828,0.58,2.22,81,"Monterey-Salinas, CA",6/25/2015 13:58
145,698,-0.19,2.13,37,"Montgomery (Selma), AL",6/25/2015 13:58
128,659,0.25,2.21,268,"Nashville, TN",6/25/2015 13:58
100,622,0.11,1.68,308,"New Orleans, LA",6/25/2015 13:58
2,501,0.27,1.8,1611,"New York, NY",6/25/2015 13:58
45,544,0.2,1.96,249,"Norfolk-Portsmouth-Newport News,VA",6/25/2015 13:58
109,633,-0.03,1.68,31,"Odessa-Midland, TX",6/25/2015 13:58
122,650,0.43,1.6,187,"Oklahoma City, OK",6/25/2015 13:58
124,652,0.36,1.88,115,"Omaha, NE",6/25/2015 13:58
35,534,0.03,1.96,305,"Orlando-Daytona Beach-Melbourne, FL",6/25/2015 13:58
108,632,0.24,1.56,25,"Paducah, KY-Cape Girardeau, MO-Harrisburg-Mount Vernon, IL",6/25/2015 13:58
185,804,0.05,2.45,80,"Palm Springs, CA",6/25/2015 13:58
125,656,-0.17,1.05,24,"Panama City, FL",6/25/2015 13:58
83,597,-1.25,1.6,12,"Parkersburg, WV",6/25/2015 13:58
135,675,-0.64,3.67,11,"Peoria-Bloomington, IL",6/25/2015 13:58
5,504,0.04,2.28,605,"Philadelphia, PA",6/25/2015 13:58
163,753,0.33,1.87,618,"Phoenix, AZ",6/25/2015 13:58
9,508,0.19,2.08,151,"Pittsburgh, PA",6/25/2015 13:58
191,820,0.38,2.17,393,"Portland, OR",6/25/2015 13:58
1,500,0.46,1.54,35,"Portland-Auburn, ME",6/25/2015 13:58
53,552,-2,NA,1,"Presque Isle, ME",6/25/2015 13:58
22,521,-0.15,1.82,132,"Providence, RI-New Bedford, MA",6/25/2015 13:58
151,717,0.4,0.89,5,"Quincy, IL-Hannibal, MO-Keokuk, IA",6/25/2015 13:58
61,560,0.07,2.09,246,"Raleigh-Durham (Fayetteville), NC",6/25/2015 13:58
171,764,0.08,2.63,13,"Rapid City, SD",6/25/2015 13:58
188,811,-0.14,1.95,66,"Reno, NV",6/25/2015 13:58
57,556,-0.19,2.48,58,"Richmond-Petersburg, VA",6/25/2015 13:58
71,573,0.23,1.03,26,"Roanoke-Lynchburg, VA",6/25/2015 13:58
93,611,0.75,2.12,8,"Rochester, MN-Mason City, IA-Austin, MN",6/25/2015 13:58
39,538,0.28,2.05,25,"Rochester, NY",6/25/2015 13:58
92,610,0,2.1,30,"Rockford, IL",6/25/2015 13:58
197,862,0.19,1.95,425,"Sacramento-Stockton-Modesto, CA",6/25/2015 13:58
74,576,0.4,1.83,35,"Salisbury, MD",6/25/2015 13:58
175,770,0.27,1.98,226,"Salt Lake City, UT",6/25/2015 13:58
129,661,0,1.76,12,"San Angelo, TX",6/25/2015 13:58
116,641,0.19,1.93,400,"San Antonio, TX",6/25/2015 13:58
193,825,0.28,1.92,398,"San Diego, CA",6/25/2015 13:58
186,807,0.23,1.85,1062,"San Francisco-Oakland-San Jose, CA",6/25/2015 13:58
196,855,0.56,1.66,36,"Santa Barbara-Santa Maria-San Luis Obispo, CA",6/25/2015 13:58
8,507,-0.09,2.3,79,"Savannah, GA",6/25/2015 13:58
190,819,0.1,2.01,497,"Seattle-Tacoma, WA",6/25/2015 13:58
126,657,0.94,2.68,17,"Sherman, TX-Ada, OK",6/25/2015 13:58
94,612,-0.17,1.6,59,"Shreveport, LA",6/25/2015 13:58
102,624,0.92,1.08,12,"Sioux City, IA",6/25/2015 13:58
155,725,0.33,1.65,21,"Sioux Falls(Mitchell), SD",6/25/2015 13:58
80,588,0.6,1.98,45,"South Bend-Elkhart, IN",6/25/2015 13:58
200,881,-0.13,2.05,46,"Spokane, WA",6/25/2015 13:58
99,619,0.87,1.81,15,"Springfield, MO",6/25/2015 13:58
44,543,0.03,2.37,60,"Springfield-Holyoke, MA",6/25/2015 13:58
91,609,0.33,2.28,123,"St. Louis, MO",6/25/2015 13:58
56,555,0.28,1.28,29,"Syracuse, NY",6/25/2015 13:58
31,530,-0.13,1.82,46,"Tallahassee, FL-Thomasville, GA",6/25/2015 13:58
40,539,0.25,2.1,182,"Tampa-St Petersburg (Sarasota), FL",6/25/2015 13:58
76,581,-0.4,2.41,10,"Terre Haute, IN",6/25/2015 13:58
48,547,0.38,2.11,124,"Toledo, OH",6/25/2015 13:58
89,605,-0.17,2.04,23,"Topeka, KS",6/25/2015 13:58
41,540,0.71,2.56,7,"Traverse City-Cadillac, MI",6/25/2015 13:58
32,531,1.5,2.13,16,"Tri-Cities, TN-VA",6/25/2015 13:58
178,789,0.08,2.25,105,"Tucson (Sierra Vista), AZ",6/25/2015 13:58
133,671,0.14,1.75,96,"Tulsa, OK",6/25/2015 13:58
169,760,1,1.73,3,"Twin Falls, ID",6/25/2015 13:58
148,709,0.38,1.8,65,"Tyler-Longview(Lufkin & Nacogdoches), TX",6/25/2015 13:58
27,526,-0.58,1.08,12,"Utica, NY",6/25/2015 13:58
104,626,-0.83,1.92,18,"Victoria, TX",6/25/2015 13:58
103,625,0.14,1.81,131,"Waco-Temple-Bryan, TX",6/25/2015 13:58
12,511,0.18,2.02,511,"Washington, DC (Hagerstown, MD)",6/25/2015 13:58
50,549,-1,3.61,3,"Watertown, NY",6/25/2015 13:58
147,705,0,0,2,"Wausau-Rhinelander, WI",6/25/2015 13:58
49,548,0.32,1.71,117,"West Palm Beach-Ft. Pierce, FL",6/25/2015 13:58
55,554,0,0,8,"Wheeling, WV-Steubenville, OH",6/25/2015 13:58
105,627,0.08,2.22,25,"Wichita Falls, TX & Lawton, OK",6/25/2015 13:58
137,678,-0.01,1.65,79,"Wichita-Hutchinson, KS",6/25/2015 13:58
75,577,0.3,1.59,33,"Wilkes Barre-Scranton, PA",6/25/2015 13:58
51,550,0.71,1.25,7,"Wilmington, NC",6/25/2015 13:58
187,810,0.05,2.02,40,"Yakima-Pasco-Richland-Kennewick, WA",6/25/2015 13:58
37,536,0.21,1.39,34,"Youngstown, OH",6/25/2015 13:58
176,771,-0.13,2.22,38,"Yuma, AZ-El Centro, CA",6/25/2015 13:58
82,596,1,2,4,"Zanesville, OH",6/25/2015 13:58
132,662,1.09,1.92,11,"Abilene-Sweetwater, TX",6/27/2015 13:18
26,525,-1.56,3.28,9,"Albany, GA",6/27/2015 13:18
33,532,-0.17,1.42,59,"Albany-Schenectady-Troy, NY",6/27/2015 13:18
184,790,0.33,1.65,147,"Albuquerque-Santa Fe, NM",6/27/2015 13:18
120,644,0.53,1.01,17,"Alexandria, LA",6/27/2015 13:18
77,583,2,NA,1,"Alpena, MI",6/27/2015 13:18
110,634,0.18,1.84,33,"Amarillo, TX",6/27/2015 13:18
25,524,0.19,2.01,546,"Atlanta, GA",6/27/2015 13:18
21,520,-0.21,2.4,24,"Augusta, GA",6/27/2015 13:18
111,635,0.24,1.67,339,"Austin, TX",6/27/2015 13:18
185,800,-0.48,2.35,90,"Bakersfield, CA",6/27/2015 13:18
13,512,-0.22,2.06,317,"Baltimore, MD",6/27/2015 13:18
38,537,0.67,1.15,3,"Bangor, ME",6/27/2015 13:18
153,716,0.33,2.46,110,"Baton Rouge, LA",6/27/2015 13:18
145,692,-0.08,1.68,74,"Beaumont-Port Arthur, TX",6/27/2015 13:18
196,821,0.71,1.89,7,"Bend, OR",6/27/2015 13:18
170,756,-0.06,1.73,16,"Billings, MT",6/27/2015 13:18
163,746,0,0.79,17,"Biloxi-Gulfport, MS",6/27/2015 13:18
3,502,0.12,1.13,8,"Binghamton, NY",6/27/2015 13:18
106,630,0.12,1.81,128,"Birmingham, AL",6/27/2015 13:18
59,559,0.33,0.71,9,"Bluefield-Beckley-Oak Hill, WV",6/27/2015 13:18
171,757,0.61,1.89,36,"Boise, ID",6/27/2015 13:18
7,506,0.15,1.74,421,"Boston, MA-Manchester, NH",6/27/2015 13:18
160,736,0.59,1.66,17,"Bowling Green, KY",6/27/2015 13:18
15,514,0.07,2.26,192,"Buffalo, NY",6/27/2015 13:18
24,523,0.47,1.65,32,"Burlington, VT-Plattsburgh, NY",6/27/2015 13:18
168,754,0,3.27,4,"Butte-Bozeman, MT",6/27/2015 13:18
179,767,0,0,5,"Casper-Riverton, WY",6/27/2015 13:18
113,637,0.02,1.46,53,"Cedar Rapids-Waterloo-Iowa City & Dubuque, IA",6/27/2015 13:18
122,648,0.02,2.08,40,"Champaign & Springfield-Decatur,IL",6/27/2015 13:18
20,519,0.42,2.39,31,"Charleston, SC",6/27/2015 13:18
63,564,0.15,2.15,26,"Charleston-Huntington, WV",6/27/2015 13:18
18,517,0.31,2.13,280,"Charlotte, NC",6/27/2015 13:18
78,584,0.17,2.4,6,"Charlottesville, VA",6/27/2015 13:18
72,575,0.15,1.81,75,"Chattanooga, TN",6/27/2015 13:18
173,759,-0.5,1,4,"Cheyenne, WY-Scottsbluff, NE",6/27/2015 13:18
85,602,0.28,1.89,1123,"Chicago, IL",6/27/2015 13:18
203,868,0.65,1.91,34,"Chico-Redding, CA",6/27/2015 13:18
16,515,0.18,1.82,172,"Cincinnati, OH",6/27/2015 13:18
83,598,1,2,4,"Clarksburg-Weston, WV",6/27/2015 13:18
11,510,0.11,2.16,589,"Cleveland-Akron (Canton), OH",6/27/2015 13:18
166,752,0.71,2.11,62,"Colorado Springs-Pueblo, CO",6/27/2015 13:18
47,546,0.35,2.25,72,"Columbia, SC",6/27/2015 13:18
87,604,-0.4,2.67,10,"Columbia-Jefferson City, MO",6/27/2015 13:18
23,522,0.2,1.31,56,"Columbus, GA",6/27/2015 13:18
36,535,0.19,2.15,282,"Columbus, OH",6/27/2015 13:18
136,673,1.1,1.77,20,"Columbus-Tupelo-West Point, MS",6/27/2015 13:18
84,600,-0.17,2.62,93,"Corpus Christi, TX",6/27/2015 13:18
100,623,0.14,1.97,1464,"Dallas-Ft. Worth, TX",6/27/2015 13:18
141,682,0.39,1.91,28,"Davenport,IA-Rock Island-Moline,IL",6/27/2015 13:18
43,542,0.41,2.32,113,"Dayton, OH",6/27/2015 13:18
165,751,0.25,1.79,349,"Denver, CO",6/27/2015 13:18
140,679,0.27,1.57,79,"Des Moines-Ames, IA",6/27/2015 13:18
6,505,0.03,2.14,666,"Detroit, MI",6/27/2015 13:18
89,606,-0.22,1.66,18,"Dothan, AL",6/27/2015 13:18
138,676,0.16,1.77,19,"Duluth, MN-Superior, WI",6/27/2015 13:18
177,765,0.11,2.77,64,"El Paso, TX",6/27/2015 13:18
64,565,-1.86,2.34,7,"Elmira, NY",6/27/2015 13:18
17,516,0.95,1.86,22,"Erie, PA",6/27/2015 13:18
186,801,-0.06,1.23,72,"Eugene, OR",6/27/2015 13:18
187,802,0,0,3,"Eureka, CA",6/27/2015 13:18
123,649,0.28,1.33,43,"Evansville, IN",6/27/2015 13:18
157,724,0.73,2.31,22,"Fargo-Valley City, ND",6/27/2015 13:18
14,513,0.29,1.64,72,"Flint-Saginaw-Bay City, MI",6/27/2015 13:18
68,570,0.53,1.82,58,"Florence-Myrtle Beach, SC",6/27/2015 13:18
202,866,0.01,1.82,243,"Fresno-Visalia, CA",6/27/2015 13:18
69,571,-0.11,1.72,47,"Ft. Myers-Naples, FL",6/27/2015 13:18
134,670,0.35,1.39,34,"Ft. Smith-Fayetteville-Springdale-Rogers, AR",6/27/2015 13:18
10,509,0.25,1.49,52,"Ft. Wayne, IN",6/27/2015 13:18
80,592,1.07,2.46,27,"Gainesville, FL",6/27/2015 13:18
182,773,1.75,1.26,4,"Grand Junction-Montrose, CO",6/27/2015 13:18
62,563,0.1,1.7,71,"Grand Rapids-Kalamazoo-Battle Creek, MI",6/27/2015 13:18
169,755,0.25,0.5,4,"Great Falls, MT",6/27/2015 13:18
129,658,0.08,2.28,39,"Green Bay-Appleton, WI",6/27/2015 13:18
19,518,-0.12,3.04,143,"Greensboro-High Point-Winston Salem, NC",6/27/2015 13:18
46,545,0.56,1.54,32,"Greenville-New Bern-Washington, NC",6/27/2015 13:18
66,567,-0.01,2.06,111,"Greenville-Spartanburg, SC-Asheville, NC-Anderson, SC",6/27/2015 13:18
121,647,0.36,1.21,11,"Greenwood-Greenville, MS",6/27/2015 13:18
112,636,0.27,2.63,97,"Harlingen-Weslaco-Brownsville-McAllen, TX",6/27/2015 13:18
65,566,0.28,1.43,50,"Harrisburg-Lancaster-Lebanon-York, PA",6/27/2015 13:18
67,569,0,0,8,"Harrisonburg, VA",6/27/2015 13:18
34,533,0.07,1.96,135,"Hartford & New Haven, CT",6/27/2015 13:18
151,710,0.83,1.33,6,"Hattiesburg-Laurel, MS",6/27/2015 13:18
178,766,0,NA,1,"Helena, MT",6/27/2015 13:18
97,618,0.07,1.95,1094,"Houston, TX",6/27/2015 13:18
144,691,-0.29,1.85,63,"Huntsville-Decatur (Florence), AL",6/27/2015 13:18
172,758,0.5,1,4,"Idaho Falls-Pocatello, ID",6/27/2015 13:18
28,527,0.19,2.17,395,"Indianapolis, IN",6/27/2015 13:18
155,718,0.35,1.83,54,"Jackson, MS",6/27/2015 13:18
115,639,0.3,0.67,10,"Jackson, TN",6/27/2015 13:18
61,561,0.45,1.84,42,"Jacksonville, FL",6/27/2015 13:18
71,574,-0.19,1.64,16,"Johnstown-Altoona, PA",6/27/2015 13:18
159,734,0.43,1.62,7,"Jonesboro, AR",6/27/2015 13:18
86,603,0.07,1.22,15,"Joplin, MO-Pittsburg, KS",6/27/2015 13:18
95,616,0.53,2.14,258,"Kansas City, MO",6/27/2015 13:18
57,557,0.59,1.89,82,"Knoxville, TN",6/27/2015 13:18
148,702,0.94,2.05,17,"La Crosse-Eau Claire, WI",6/27/2015 13:18
76,582,0.19,1.89,21,"Lafayette, IN",6/27/2015 13:18
118,642,0.42,2.16,67,"Lafayette, LA",6/27/2015 13:18
119,643,-0.25,1.19,24,"Lake Charles, LA",6/27/2015 13:18
52,551,-0.34,1.7,44,"Lansing, MI",6/27/2015 13:18
164,749,0.15,0.55,13,"Laredo, TX",6/27/2015 13:18
199,839,0.13,2.33,212,"Las Vegas, NV",6/27/2015 13:18
42,541,-0.03,1.52,36,"Lexington, KY",6/27/2015 13:18
58,558,0.71,1.69,17,"Lima, OH",6/27/2015 13:18
156,722,0.44,1.64,54,"Lincoln & Hastings-Kearney, NE",6/27/2015 13:18
146,693,0.19,1.87,73,"Little Rock-Pine Bluff, AR",6/27/2015 13:18
188,803,0.22,1.92,3426,"Los Angeles, CA",6/27/2015 13:18
30,529,0.35,2.3,114,"Louisville, KY",6/27/2015 13:18
125,651,0.67,2.17,30,"Lubbock, TX",6/27/2015 13:18
4,503,-0.37,2.49,38,"Macon, GA",6/27/2015 13:18
133,669,0.77,1.57,22,"Madison, WI",6/27/2015 13:18
161,737,-0.4,0.89,5,"Mankato, MN",6/27/2015 13:18
53,553,0.2,0.45,5,"Marquette, MI",6/27/2015 13:18
193,813,0.83,1.83,6,"Medford-Klamath Falls, OR",6/27/2015 13:18
116,640,0.12,1.79,190,"Memphis, TN",6/27/2015 13:18
152,711,-2,NA,1,"Meridian, MS",6/27/2015 13:18
29,528,-0.04,2.23,656,"Miami-Ft. Lauderdale, FL",6/27/2015 13:18
96,617,0.44,2.13,259,"Milwaukee, WI",6/27/2015 13:18
94,613,0.39,1.8,287,"Minneapolis-St. Paul, MN",6/27/2015 13:18
143,687,0.23,0.83,13,"Minot-Bismarck-Dickinson(Williston), ND",6/27/2015 13:18
175,762,0.75,1.16,8,"Missoula, MT",6/27/2015 13:18
142,686,-0.05,1.7,95,"Mobile, AL-Pensacola (Ft. Walton Beach), FL",6/27/2015 13:18
105,628,0.23,1.41,44,"Monroe, LA-El Dorado, AR",6/27/2015 13:18
198,828,0.19,1.85,77,"Monterey-Salinas, CA",6/27/2015 13:18
147,698,0.51,1.29,51,"Montgomery (Selma), AL",6/27/2015 13:18
130,659,0.27,1.84,244,"Nashville, TN",6/27/2015 13:18
99,622,0.12,2,319,"New Orleans, LA",6/27/2015 13:18
2,501,0.23,1.85,1783,"New York, NY",6/27/2015 13:18
45,544,-0.03,1.86,310,"Norfolk-Portsmouth-Newport News,VA",6/27/2015 13:18
162,740,0,0,2,"North Platte, NE",6/27/2015 13:18
109,633,0.19,2.07,42,"Odessa-Midland, TX",6/27/2015 13:18
124,650,0.24,1.81,200,"Oklahoma City, OK",6/27/2015 13:18
126,652,0.2,1.95,127,"Omaha, NE",6/27/2015 13:18
35,534,0.28,1.88,230,"Orlando-Daytona Beach-Melbourne, FL",6/27/2015 13:18
107,631,0.5,3.54,2,"Ottumwa, IA-Kirksville, MO",6/27/2015 13:18
108,632,0.73,1.27,11,"Paducah, KY-Cape Girardeau, MO-Harrisburg-Mount Vernon, IL",6/27/2015 13:18
189,804,-0.15,1.65,82,"Palm Springs, CA",6/27/2015 13:18
127,656,0.36,1.43,11,"Panama City, FL",6/27/2015 13:18
82,597,-0.73,1.01,11,"Parkersburg, WV",6/27/2015 13:18
137,675,-0.16,2.36,19,"Peoria-Bloomington, IL",6/27/2015 13:18
5,504,0.13,1.64,785,"Philadelphia, PA",6/27/2015 13:18
167,753,0.37,2.3,611,"Phoenix, AZ",6/27/2015 13:18
9,508,0.37,2.03,166,"Pittsburgh, PA",6/27/2015 13:18
195,820,0.27,1.82,364,"Portland, OR",6/27/2015 13:18
1,500,0.26,3.28,43,"Portland-Auburn, ME",6/27/2015 13:18
22,521,0.09,2.02,116,"Providence, RI-New Bedford, MA",6/27/2015 13:18
154,717,1.75,2.71,8,"Quincy, IL-Hannibal, MO-Keokuk, IA",6/27/2015 13:18
60,560,0.39,1.84,333,"Raleigh-Durham (Fayetteville), NC",6/27/2015 13:18
176,764,-0.12,1.73,8,"Rapid City, SD",6/27/2015 13:18
192,811,0.02,2.25,66,"Reno, NV",6/27/2015 13:18
56,556,0.18,1.91,82,"Richmond-Petersburg, VA",6/27/2015 13:18
70,573,0.08,2.51,48,"Roanoke-Lynchburg, VA",6/27/2015 13:18
92,611,2.5,3.54,2,"Rochester, MN-Mason City, IA-Austin, MN",6/27/2015 13:18
39,538,0.74,1.63,19,"Rochester, NY",6/27/2015 13:18
91,610,0.5,1.64,42,"Rockford, IL",6/27/2015 13:18
201,862,0.29,2.07,448,"Sacramento-Stockton-Modesto, CA",6/27/2015 13:18
73,576,0,1.83,29,"Salisbury, MD",6/27/2015 13:18
180,770,0.53,2.43,230,"Salt Lake City, UT",6/27/2015 13:18
131,661,2,1.9,6,"San Angelo, TX",6/27/2015 13:18
117,641,0.06,1.92,445,"San Antonio, TX",6/27/2015 13:18
197,825,0.25,1.86,420,"San Diego, CA",6/27/2015 13:18
190,807,0.35,1.87,1279,"San Francisco-Oakland-San Jose, CA",6/27/2015 13:18
200,855,0.14,2.13,51,"Santa Barbara-Santa Maria-San Luis Obispo, CA",6/27/2015 13:18
8,507,-0.14,1.98,44,"Savannah, GA",6/27/2015 13:18
194,819,0.37,1.98,530,"Seattle-Tacoma, WA",6/27/2015 13:18
128,657,-0.07,1.33,28,"Sherman, TX-Ada, OK",6/27/2015 13:18
93,612,0.04,1.69,82,"Shreveport, LA",6/27/2015 13:18
101,624,0.06,1.73,18,"Sioux City, IA",6/27/2015 13:18
158,725,0.59,1.65,22,"Sioux Falls(Mitchell), SD",6/27/2015 13:18
79,588,0.38,1.72,56,"South Bend-Elkhart, IN",6/27/2015 13:18
204,881,0.15,1.85,54,"Spokane, WA",6/27/2015 13:18
98,619,0.13,0.92,15,"Springfield, MO",6/27/2015 13:18
44,543,0.34,1.67,58,"Springfield-Holyoke, MA",6/27/2015 13:18
114,638,-3,NA,1,"St. Joseph, MO",6/27/2015 13:18
90,609,0.24,2.16,180,"St. Louis, MO",6/27/2015 13:18
55,555,0.38,2.49,39,"Syracuse, NY",6/27/2015 13:18
31,530,0.47,1.5,49,"Tallahassee, FL-Thomasville, GA",6/27/2015 13:18
40,539,0.33,2.36,203,"Tampa-St Petersburg (Sarasota), FL",6/27/2015 13:18
75,581,0.32,2.91,19,"Terre Haute, IN",6/27/2015 13:18
48,547,0.29,1.87,122,"Toledo, OH",6/27/2015 13:18
88,605,0.37,1.29,35,"Topeka, KS",6/27/2015 13:18
41,540,2,4.97,12,"Traverse City-Cadillac, MI",6/27/2015 13:18
32,531,1,2.03,16,"Tri-Cities, TN-VA",6/27/2015 13:18
183,789,0.37,2.33,100,"Tucson (Sierra Vista), AZ",6/27/2015 13:18
135,671,0.14,1.63,72,"Tulsa, OK",6/27/2015 13:18
174,760,0.17,1.6,6,"Twin Falls, ID",6/27/2015 13:18
150,709,-0.09,1.71,44,"Tyler-Longview(Lufkin & Nacogdoches), TX",6/27/2015 13:18
27,526,0,0,4,"Utica, NY",6/27/2015 13:18
103,626,-0.75,1.5,4,"Victoria, TX",6/27/2015 13:18
102,625,0.35,2.15,114,"Waco-Temple-Bryan, TX",6/27/2015 13:18
12,511,0.11,2.16,523,"Washington, DC (Hagerstown, MD)",6/27/2015 13:18
50,549,1.67,2.08,3,"Watertown, NY",6/27/2015 13:18
149,705,1.5,2.12,2,"Wausau-Rhinelander, WI",6/27/2015 13:18
49,548,0.58,1.69,105,"West Palm Beach-Ft. Pierce, FL",6/27/2015 13:18
54,554,-0.17,1.99,24,"Wheeling, WV-Steubenville, OH",6/27/2015 13:18
104,627,-0.09,1.83,44,"Wichita Falls, TX & Lawton, OK",6/27/2015 13:18
139,678,0.2,1.69,97,"Wichita-Hutchinson, KS",6/27/2015 13:18
74,577,0.36,1.36,36,"Wilkes Barre-Scranton, PA",6/27/2015 13:18
51,550,1.3,3.3,10,"Wilmington, NC",6/27/2015 13:18
191,810,0.29,2.21,65,"Yakima-Pasco-Richland-Kennewick, WA",6/27/2015 13:18
37,536,-0.38,2.14,40,"Youngstown, OH",6/27/2015 13:18
181,771,0.33,1.69,42,"Yuma, AZ-El Centro, CA",6/27/2015 13:18
81,596,1.67,1.97,6,"Zanesville, OH",6/27/2015 13:18
131,662,0.79,2.08,14,"Abilene-Sweetwater, TX",6/28/2015 20:40
26,525,-0.21,1.63,14,"Albany, GA",6/28/2015 20:40
33,532,0.23,2.01,26,"Albany-Schenectady-Troy, NY",6/28/2015 20:40
179,790,0.43,1.4,61,"Albuquerque-Santa Fe, NM",6/28/2015 20:40
119,644,0.34,1.33,32,"Alexandria, LA",6/28/2015 20:40
77,583,1,1.73,3,"Alpena, MI",6/28/2015 20:40
110,634,-0.43,1.65,23,"Amarillo, TX",6/28/2015 20:40
25,524,0.14,1.97,757,"Atlanta, GA",6/28/2015 20:40
21,520,0.36,2.43,64,"Augusta, GA",6/28/2015 20:40
111,635,0.12,2.18,286,"Austin, TX",6/28/2015 20:40
180,800,-0.28,2.11,53,"Bakersfield, CA",6/28/2015 20:40
13,512,-0.02,2.1,430,"Baltimore, MD",6/28/2015 20:40
38,537,1.5,2.12,2,"Bangor, ME",6/28/2015 20:40
151,716,0.12,2.01,320,"Baton Rouge, LA",6/28/2015 20:40
144,692,-0.33,2.25,138,"Beaumont-Port Arthur, TX",6/28/2015 20:40
191,821,1.25,2.99,4,"Bend, OR",6/28/2015 20:40
166,756,1,1.41,2,"Billings, MT",6/28/2015 20:40
160,746,0.14,1.99,42,"Biloxi-Gulfport, MS",6/28/2015 20:40
3,502,1.33,1.53,3,"Binghamton, NY",6/28/2015 20:40
106,630,0.07,2.02,243,"Birmingham, AL",6/28/2015 20:40
59,559,0,0,2,"Bluefield-Beckley-Oak Hill, WV",6/28/2015 20:40
167,757,0.88,2.62,17,"Boise, ID",6/28/2015 20:40
7,506,-0.07,2.29,322,"Boston, MA-Manchester, NH",6/28/2015 20:40
158,736,0.35,1.11,23,"Bowling Green, KY",6/28/2015 20:40
15,514,0.06,2.34,187,"Buffalo, NY",6/28/2015 20:40
24,523,0.86,1.21,7,"Burlington, VT-Plattsburgh, NY",6/28/2015 20:40
174,767,0,0,3,"Casper-Riverton, WY",6/28/2015 20:40
113,637,0.1,1.74,20,"Cedar Rapids-Waterloo-Iowa City & Dubuque, IA",6/28/2015 20:40
121,648,0.07,2.16,91,"Champaign & Springfield-Decatur,IL",6/28/2015 20:40
20,519,-0.01,2.59,74,"Charleston, SC",6/28/2015 20:40
63,564,0.15,3.02,13,"Charleston-Huntington, WV",6/28/2015 20:40
18,517,-0.01,2.07,444,"Charlotte, NC",6/28/2015 20:40
78,584,1.67,2.89,3,"Charlottesville, VA",6/28/2015 20:40
72,575,0.26,1.53,65,"Chattanooga, TN",6/28/2015 20:40
169,759,-0.2,2.57,10,"Cheyenne, WY-Scottsbluff, NE",6/28/2015 20:40
85,602,0.05,2.21,1144,"Chicago, IL",6/28/2015 20:40
198,868,0.25,1.42,12,"Chico-Redding, CA",6/28/2015 20:40
16,515,-0.1,2.31,144,"Cincinnati, OH",6/28/2015 20:40
83,598,0.12,0.35,8,"Clarksburg-Weston, WV",6/28/2015 20:40
11,510,0.05,2.24,797,"Cleveland-Akron (Canton), OH",6/28/2015 20:40
163,752,-0.62,3.56,40,"Colorado Springs-Pueblo, CO",6/28/2015 20:40
47,546,-0.23,2.06,64,"Columbia, SC",6/28/2015 20:40
87,604,-0.82,1.83,11,"Columbia-Jefferson City, MO",6/28/2015 20:40
23,522,0.08,2.06,76,"Columbus, GA",6/28/2015 20:40
36,535,0.18,2.11,325,"Columbus, OH",6/28/2015 20:40
135,673,0,2.64,37,"Columbus-Tupelo-West Point, MS",6/28/2015 20:40
84,600,-0.16,1.67,91,"Corpus Christi, TX",6/28/2015 20:40
100,623,-0.01,1.89,1877,"Dallas-Ft. Worth, TX",6/28/2015 20:40
140,682,0.79,1.81,39,"Davenport,IA-Rock Island-Moline,IL",6/28/2015 20:40
43,542,-0.02,1.68,92,"Dayton, OH",6/28/2015 20:40
162,751,0.15,1.88,132,"Denver, CO",6/28/2015 20:40
139,679,-0.06,2.5,66,"Des Moines-Ames, IA",6/28/2015 20:40
6,505,-0.07,2.18,719,"Detroit, MI",6/28/2015 20:40
89,606,0,0.45,11,"Dothan, AL",6/28/2015 20:40
137,676,-0.5,1.43,10,"Duluth, MN-Superior, WI",6/28/2015 20:40
172,765,0.25,1.38,57,"El Paso, TX",6/28/2015 20:40
64,565,0,2.21,10,"Elmira, NY",6/28/2015 20:40
17,516,0.4,3.22,30,"Erie, PA",6/28/2015 20:40
181,801,1.12,2.38,24,"Eugene, OR",6/28/2015 20:40
182,802,-2,2.83,2,"Eureka, CA",6/28/2015 20:40
122,649,-1.37,5.96,35,"Evansville, IN",6/28/2015 20:40
155,724,0.06,1.85,17,"Fargo-Valley City, ND",6/28/2015 20:40
14,513,0.2,1.52,71,"Flint-Saginaw-Bay City, MI",6/28/2015 20:40
68,570,0.13,1.79,134,"Florence-Myrtle Beach, SC",6/28/2015 20:40
197,866,0.17,1.98,149,"Fresno-Visalia, CA",6/28/2015 20:40
69,571,0.3,2.45,50,"Ft. Myers-Naples, FL",6/28/2015 20:40
133,670,-0.07,2.5,14,"Ft. Smith-Fayetteville-Springdale-Rogers, AR",6/28/2015 20:40
10,509,0.2,1.78,55,"Ft. Wayne, IN",6/28/2015 20:40
80,592,0.06,1.98,18,"Gainesville, FL",6/28/2015 20:40
177,773,3,NA,1,"Grand Junction-Montrose, CO",6/28/2015 20:40
62,563,0.19,2.47,78,"Grand Rapids-Kalamazoo-Battle Creek, MI",6/28/2015 20:40
165,755,1,3.16,4,"Great Falls, MT",6/28/2015 20:40
128,658,0.25,2.1,20,"Green Bay-Appleton, WI",6/28/2015 20:40
19,518,-0.07,2.23,295,"Greensboro-High Point-Winston Salem, NC",6/28/2015 20:40
46,545,-0.37,2.42,46,"Greenville-New Bern-Washington, NC",6/28/2015 20:40
66,567,-0.12,1.69,91,"Greenville-Spartanburg, SC-Asheville, NC-Anderson, SC",6/28/2015 20:40
120,647,-0.5,1.73,12,"Greenwood-Greenville, MS",6/28/2015 20:40
112,636,0.27,2.1,99,"Harlingen-Weslaco-Brownsville-McAllen, TX",6/28/2015 20:40
65,566,0.74,2.13,42,"Harrisburg-Lancaster-Lebanon-York, PA",6/28/2015 20:40
67,569,0.17,0.99,18,"Harrisonburg, VA",6/28/2015 20:40
34,533,0.13,1.9,191,"Hartford & New Haven, CT",6/28/2015 20:40
150,710,-0.63,4,19,"Hattiesburg-Laurel, MS",6/28/2015 20:40
173,766,2,NA,1,"Helena, MT",6/28/2015 20:40
97,618,-0.03,2.24,1557,"Houston, TX",6/28/2015 20:40
143,691,0.02,2.3,115,"Huntsville-Decatur (Florence), AL",6/28/2015 20:40
168,758,0.27,1.27,11,"Idaho Falls-Pocatello, ID",6/28/2015 20:40
28,527,0.03,2.09,421,"Indianapolis, IN",6/28/2015 20:40
153,718,-0.53,2.13,154,"Jackson, MS",6/28/2015 20:40
114,639,-0.62,2.28,16,"Jackson, TN",6/28/2015 20:40
61,561,0.83,1.58,30,"Jacksonville, FL",6/28/2015 20:40
71,574,-0.08,1.28,24,"Johnstown-Altoona, PA",6/28/2015 20:40
157,734,1,1.29,7,"Jonesboro, AR",6/28/2015 20:40
86,603,0.73,2.87,11,"Joplin, MO-Pittsburg, KS",6/28/2015 20:40
95,616,0.15,2.33,194,"Kansas City, MO",6/28/2015 20:40
57,557,0.55,1.45,56,"Knoxville, TN",6/28/2015 20:40
147,702,0.44,1.88,9,"La Crosse-Eau Claire, WI",6/28/2015 20:40
76,582,0.12,2.3,8,"Lafayette, IN",6/28/2015 20:40
117,642,0.25,2.18,113,"Lafayette, LA",6/28/2015 20:40
118,643,0,2.45,21,"Lake Charles, LA",6/28/2015 20:40
52,551,-0.35,2.09,62,"Lansing, MI",6/28/2015 20:40
161,749,-0.2,0.45,5,"Laredo, TX",6/28/2015 20:40
194,839,0.44,2.19,141,"Las Vegas, NV",6/28/2015 20:40
42,541,0.08,2.3,48,"Lexington, KY",6/28/2015 20:40
58,558,0.67,1.21,6,"Lima, OH",6/28/2015 20:40
154,722,0.35,1.76,40,"Lincoln & Hastings-Kearney, NE",6/28/2015 20:40
145,693,0.03,1.98,157,"Little Rock-Pine Bluff, AR",6/28/2015 20:40
183,803,0.15,2.11,2022,"Los Angeles, CA",6/28/2015 20:40
30,529,-0.02,2.07,116,"Louisville, KY",6/28/2015 20:40
124,651,0.39,1,33,"Lubbock, TX",6/28/2015 20:40
4,503,0.15,2.17,88,"Macon, GA",6/28/2015 20:40
132,669,0.94,2.02,16,"Madison, WI",6/28/2015 20:40
159,737,0,0,2,"Mankato, MN",6/28/2015 20:40
53,553,-1,NA,1,"Marquette, MI",6/28/2015 20:40
188,813,0.4,1.51,10,"Medford-Klamath Falls, OR",6/28/2015 20:40
115,640,-0.16,2.24,406,"Memphis, TN",6/28/2015 20:40
29,528,0.1,1.95,632,"Miami-Ft. Lauderdale, FL",6/28/2015 20:40
96,617,0.16,2.42,197,"Milwaukee, WI",6/28/2015 20:40
94,613,0.16,2.07,189,"Minneapolis-St. Paul, MN",6/28/2015 20:40
142,687,-0.2,0.45,5,"Minot-Bismarck-Dickinson(Williston), ND",6/28/2015 20:40
170,762,3,4.24,4,"Missoula, MT",6/28/2015 20:40
141,686,0.23,1.63,119,"Mobile, AL-Pensacola (Ft. Walton Beach), FL",6/28/2015 20:40
105,628,0.04,1.44,73,"Monroe, LA-El Dorado, AR",6/28/2015 20:40
193,828,-0.09,1.68,47,"Monterey-Salinas, CA",6/28/2015 20:40
146,698,-0.57,3.14,68,"Montgomery (Selma), AL",6/28/2015 20:40
129,659,0.1,2.12,311,"Nashville, TN",6/28/2015 20:40
99,622,0.07,1.91,583,"New Orleans, LA",6/28/2015 20:40
2,501,0.16,2.09,1509,"New York, NY",6/28/2015 20:40
45,544,0.09,2.07,581,"Norfolk-Portsmouth-Newport News,VA",6/28/2015 20:40
109,633,-0.05,2.48,41,"Odessa-Midland, TX",6/28/2015 20:40
123,650,0.26,1.83,171,"Oklahoma City, OK",6/28/2015 20:40
125,652,0.06,1.95,83,"Omaha, NE",6/28/2015 20:40
35,534,0.34,1.81,273,"Orlando-Daytona Beach-Melbourne, FL",6/28/2015 20:40
107,631,2,NA,1,"Ottumwa, IA-Kirksville, MO",6/28/2015 20:40
108,632,0.81,1.63,21,"Paducah, KY-Cape Girardeau, MO-Harrisburg-Mount Vernon, IL",6/28/2015 20:40
184,804,0.47,1.81,38,"Palm Springs, CA",6/28/2015 20:40
126,656,-0.39,1.97,28,"Panama City, FL",6/28/2015 20:40
82,597,-0.5,0.84,6,"Parkersburg, WV",6/28/2015 20:40
136,675,0.08,2.11,12,"Peoria-Bloomington, IL",6/28/2015 20:40
5,504,0.04,1.99,1042,"Philadelphia, PA",6/28/2015 20:40
164,753,0.2,2.18,300,"Phoenix, AZ",6/28/2015 20:40
9,508,0.1,1.49,115,"Pittsburgh, PA",6/28/2015 20:40
190,820,0.19,1.95,150,"Portland, OR",6/28/2015 20:40
1,500,0.14,0.9,7,"Portland-Auburn, ME",6/28/2015 20:40
22,521,0.2,2.13,104,"Providence, RI-New Bedford, MA",6/28/2015 20:40
152,717,-0.5,0.71,2,"Quincy, IL-Hannibal, MO-Keokuk, IA",6/28/2015 20:40
60,560,-0.09,2,414,"Raleigh-Durham (Fayetteville), NC",6/28/2015 20:40
171,764,1.29,1.7,7,"Rapid City, SD",6/28/2015 20:40
187,811,-0.35,1.94,49,"Reno, NV",6/28/2015 20:40
56,556,0.1,2.01,115,"Richmond-Petersburg, VA",6/28/2015 20:40
70,573,0.01,1.74,74,"Roanoke-Lynchburg, VA",6/28/2015 20:40
92,611,0,NA,1,"Rochester, MN-Mason City, IA-Austin, MN",6/28/2015 20:40
39,538,0,1.89,10,"Rochester, NY",6/28/2015 20:40
91,610,0.49,2.41,37,"Rockford, IL",6/28/2015 20:40
196,862,0.41,2.09,247,"Sacramento-Stockton-Modesto, CA",6/28/2015 20:40
73,576,-0.15,2.17,33,"Salisbury, MD",6/28/2015 20:40
175,770,0.49,2.19,142,"Salt Lake City, UT",6/28/2015 20:40
130,661,0.57,2.77,14,"San Angelo, TX",6/28/2015 20:40
116,641,0.16,1.86,393,"San Antonio, TX",6/28/2015 20:40
192,825,0.2,2.02,286,"San Diego, CA",6/28/2015 20:40
185,807,0.14,1.96,613,"San Francisco-Oakland-San Jose, CA",6/28/2015 20:40
195,855,0.62,2.22,16,"Santa Barbara-Santa Maria-San Luis Obispo, CA",6/28/2015 20:40
8,507,-0.33,1.78,114,"Savannah, GA",6/28/2015 20:40
189,819,0.08,2.11,229,"Seattle-Tacoma, WA",6/28/2015 20:40
127,657,0.88,0.99,8,"Sherman, TX-Ada, OK",6/28/2015 20:40
93,612,-0.08,2.37,137,"Shreveport, LA",6/28/2015 20:40
101,624,0.1,1.21,20,"Sioux City, IA",6/28/2015 20:40
156,725,0.48,1.5,23,"Sioux Falls(Mitchell), SD",6/28/2015 20:40
79,588,0.22,1.84,55,"South Bend-Elkhart, IN",6/28/2015 20:40
199,881,-0.38,3.03,24,"Spokane, WA",6/28/2015 20:40
98,619,-0.62,2.02,13,"Springfield, MO",6/28/2015 20:40
44,543,0.1,2.14,80,"Springfield-Holyoke, MA",6/28/2015 20:40
90,609,-0.3,1.81,107,"St. Louis, MO",6/28/2015 20:40
55,555,-0.51,2.31,65,"Syracuse, NY",6/28/2015 20:40
31,530,-0.03,2.13,148,"Tallahassee, FL-Thomasville, GA",6/28/2015 20:40
40,539,-0.22,1.77,169,"Tampa-St Petersburg (Sarasota), FL",6/28/2015 20:40
75,581,0,0,8,"Terre Haute, IN",6/28/2015 20:40
48,547,0.15,1.77,102,"Toledo, OH",6/28/2015 20:40
88,605,0.88,2.31,16,"Topeka, KS",6/28/2015 20:40
41,540,0,NA,1,"Traverse City-Cadillac, MI",6/28/2015 20:40
32,531,-0.17,2.18,18,"Tri-Cities, TN-VA",6/28/2015 20:40
178,789,-0.28,2.29,76,"Tucson (Sierra Vista), AZ",6/28/2015 20:40
134,671,0.17,1.7,99,"Tulsa, OK",6/28/2015 20:40
149,709,0.34,1.59,41,"Tyler-Longview(Lufkin & Nacogdoches), TX",6/28/2015 20:40
27,526,-0.89,1.96,9,"Utica, NY",6/28/2015 20:40
103,626,-0.3,2.11,10,"Victoria, TX",6/28/2015 20:40
102,625,-0.05,1.88,172,"Waco-Temple-Bryan, TX",6/28/2015 20:40
12,511,0.05,2.21,632,"Washington, DC (Hagerstown, MD)",6/28/2015 20:40
50,549,-0.8,1.1,5,"Watertown, NY",6/28/2015 20:40
148,705,3,NA,1,"Wausau-Rhinelander, WI",6/28/2015 20:40
49,548,0.12,1.97,151,"West Palm Beach-Ft. Pierce, FL",6/28/2015 20:40
54,554,0,1.9,6,"Wheeling, WV-Steubenville, OH",6/28/2015 20:40
104,627,-0.38,2.45,39,"Wichita Falls, TX & Lawton, OK",6/28/2015 20:40
138,678,0.18,2.3,100,"Wichita-Hutchinson, KS",6/28/2015 20:40
74,577,0.04,2.26,25,"Wilkes Barre-Scranton, PA",6/28/2015 20:40
51,550,0.4,0.89,5,"Wilmington, NC",6/28/2015 20:40
186,810,0.64,2.68,39,"Yakima-Pasco-Richland-Kennewick, WA",6/28/2015 20:40
37,536,-0.13,1.99,52,"Youngstown, OH",6/28/2015 20:40
176,771,0.08,0.86,13,"Yuma, AZ-El Centro, CA",6/28/2015 20:40
81,596,0,1.41,2,"Zanesville, OH",6/28/2015 20:40
130,662,-0.36,0.67,11,"Abilene-Sweetwater, TX",6/29/2015 14:05
26,525,-0.73,2.52,15,"Albany, GA",6/29/2015 14:05
33,532,0.49,2.28,51,"Albany-Schenectady-Troy, NY",6/29/2015 14:05
181,790,-0.16,2.49,99,"Albuquerque-Santa Fe, NM",6/29/2015 14:05
118,644,-0.8,2.31,15,"Alexandria, LA",6/29/2015 14:05
76,583,-2,NA,1,"Alpena, MI",6/29/2015 14:05
109,634,0.07,1.73,27,"Amarillo, TX",6/29/2015 14:05
25,524,0.09,2,438,"Atlanta, GA",6/29/2015 14:05
21,520,-0.52,2.59,33,"Augusta, GA",6/29/2015 14:05
110,635,0.13,1.71,353,"Austin, TX",6/29/2015 14:05
182,800,-0.25,2.09,105,"Bakersfield, CA",6/29/2015 14:05
13,512,-0.03,2.42,178,"Baltimore, MD",6/29/2015 14:05
38,537,0,0.76,15,"Bangor, ME",6/29/2015 14:05
151,716,-0.29,1.8,142,"Baton Rouge, LA",6/29/2015 14:05
143,692,0.57,2.03,74,"Beaumont-Port Arthur, TX",6/29/2015 14:05
193,821,-0.22,1.3,9,"Bend, OR",6/29/2015 14:05
168,756,0.67,1.15,3,"Billings, MT",6/29/2015 14:05
161,746,-0.15,1.26,26,"Biloxi-Gulfport, MS",6/29/2015 14:05
3,502,0.5,1,4,"Binghamton, NY",6/29/2015 14:05
105,630,-0.02,1.6,109,"Birmingham, AL",6/29/2015 14:05
169,757,0.19,1.02,26,"Boise, ID",6/29/2015 14:05
7,506,0.31,1.78,447,"Boston, MA-Manchester, NH",6/29/2015 14:05
158,736,-0.5,1.22,6,"Bowling Green, KY",6/29/2015 14:05
15,514,0.29,1.77,106,"Buffalo, NY",6/29/2015 14:05
24,523,0.47,2.7,17,"Burlington, VT-Plattsburgh, NY",6/29/2015 14:05
166,754,-0.33,0.71,9,"Butte-Bozeman, MT",6/29/2015 14:05
176,767,-2,NA,1,"Casper-Riverton, WY",6/29/2015 14:05
112,637,0.56,1.84,55,"Cedar Rapids-Waterloo-Iowa City & Dubuque, IA",6/29/2015 14:05
120,648,0.06,1.33,63,"Champaign & Springfield-Decatur,IL",6/29/2015 14:05
20,519,0.3,1.77,44,"Charleston, SC",6/29/2015 14:05
62,564,0.38,2.18,37,"Charleston-Huntington, WV",6/29/2015 14:05
18,517,-0.03,1.94,313,"Charlotte, NC",6/29/2015 14:05
77,584,1.11,1.96,9,"Charlottesville, VA",6/29/2015 14:05
71,575,0.05,1.62,39,"Chattanooga, TN",6/29/2015 14:05
171,759,2.33,2.08,3,"Cheyenne, WY-Scottsbluff, NE",6/29/2015 14:05
84,602,0.11,1.86,1270,"Chicago, IL",6/29/2015 14:05
200,868,1.09,2.07,33,"Chico-Redding, CA",6/29/2015 14:05
16,515,0.25,2.11,159,"Cincinnati, OH",6/29/2015 14:05
82,598,0,0,5,"Clarksburg-Weston, WV",6/29/2015 14:05
11,510,0.01,1.96,508,"Cleveland-Akron (Canton), OH",6/29/2015 14:05
164,752,0.25,2.09,59,"Colorado Springs-Pueblo, CO",6/29/2015 14:05
47,546,-0.52,2.93,33,"Columbia, SC",6/29/2015 14:05
86,604,0.5,1.91,4,"Columbia-Jefferson City, MO",6/29/2015 14:05
23,522,0.59,2.15,39,"Columbus, GA",6/29/2015 14:05
36,535,0.14,1.86,282,"Columbus, OH",6/29/2015 14:05
134,673,-0.3,0.95,10,"Columbus-Tupelo-West Point, MS",6/29/2015 14:05
83,600,0.19,1.75,130,"Corpus Christi, TX",6/29/2015 14:05
99,623,0.04,1.96,1255,"Dallas-Ft. Worth, TX",6/29/2015 14:05
139,682,0.26,1.98,35,"Davenport,IA-Rock Island-Moline,IL",6/29/2015 14:05
43,542,0.13,1.65,75,"Dayton, OH",6/29/2015 14:05
163,751,0.29,1.65,289,"Denver, CO",6/29/2015 14:05
138,679,-0.11,2.02,75,"Des Moines-Ames, IA",6/29/2015 14:05
6,505,0.09,2.05,486,"Detroit, MI",6/29/2015 14:05
88,606,-0.4,0.89,5,"Dothan, AL",6/29/2015 14:05
136,676,-0.15,1.77,13,"Duluth, MN-Superior, WI",6/29/2015 14:05
175,765,0.25,1.8,68,"El Paso, TX",6/29/2015 14:05
63,565,0,1.15,7,"Elmira, NY",6/29/2015 14:05
17,516,-0.04,2.99,26,"Erie, PA",6/29/2015 14:05
183,801,0.41,2.29,39,"Eugene, OR",6/29/2015 14:05
184,802,3,NA,1,"Eureka, CA",6/29/2015 14:05
121,649,-0.55,1.74,22,"Evansville, IN",6/29/2015 14:05
155,724,0.39,2.07,36,"Fargo-Valley City, ND",6/29/2015 14:05
14,513,-0.43,2.53,69,"Flint-Saginaw-Bay City, MI",6/29/2015 14:05
67,570,1.05,2.5,82,"Florence-Myrtle Beach, SC",6/29/2015 14:05
199,866,-0.18,2.17,164,"Fresno-Visalia, CA",6/29/2015 14:05
68,571,0.24,1.06,29,"Ft. Myers-Naples, FL",6/29/2015 14:05
132,670,0.07,1.12,28,"Ft. Smith-Fayetteville-Springdale-Rogers, AR",6/29/2015 14:05
10,509,0.41,1.82,39,"Ft. Wayne, IN",6/29/2015 14:05
79,592,0.12,2.01,24,"Gainesville, FL",6/29/2015 14:05
179,773,0,NA,1,"Grand Junction-Montrose, CO",6/29/2015 14:05
61,563,0.15,1.59,125,"Grand Rapids-Kalamazoo-Battle Creek, MI",6/29/2015 14:05
167,755,0,0,2,"Great Falls, MT",6/29/2015 14:05
127,658,0.16,1.4,37,"Green Bay-Appleton, WI",6/29/2015 14:05
19,518,-0.03,2.11,116,"Greensboro-High Point-Winston Salem, NC",6/29/2015 14:05
46,545,-0.17,2.32,47,"Greenville-New Bern-Washington, NC",6/29/2015 14:05
65,567,0.35,1.36,91,"Greenville-Spartanburg, SC-Asheville, NC-Anderson, SC",6/29/2015 14:05
119,647,0.33,3.51,3,"Greenwood-Greenville, MS",6/29/2015 14:05
111,636,0.04,2.46,124,"Harlingen-Weslaco-Brownsville-McAllen, TX",6/29/2015 14:05
64,566,0.17,1.64,35,"Harrisburg-Lancaster-Lebanon-York, PA",6/29/2015 14:05
66,569,0.18,0.75,11,"Harrisonburg, VA",6/29/2015 14:05
34,533,0.27,2.22,136,"Hartford & New Haven, CT",6/29/2015 14:05
149,710,0.29,3.2,7,"Hattiesburg-Laurel, MS",6/29/2015 14:05
96,618,-0.01,2.07,985,"Houston, TX",6/29/2015 14:05
142,691,-0.29,3.29,52,"Huntsville-Decatur (Florence), AL",6/29/2015 14:05
170,758,-0.71,1.9,14,"Idaho Falls-Pocatello, ID",6/29/2015 14:05
28,527,0.26,2.29,316,"Indianapolis, IN",6/29/2015 14:05
153,718,-0.49,2.32,57,"Jackson, MS",6/29/2015 14:05
113,639,0.08,2.78,13,"Jackson, TN",6/29/2015 14:05
60,561,1.5,3.01,18,"Jacksonville, FL",6/29/2015 14:05
70,574,0.04,1.9,25,"Johnstown-Altoona, PA",6/29/2015 14:05
157,734,0.25,0.58,16,"Jonesboro, AR",6/29/2015 14:05
85,603,1.47,2.29,15,"Joplin, MO-Pittsburg, KS",6/29/2015 14:05
94,616,0.5,2.04,204,"Kansas City, MO",6/29/2015 14:05
57,557,0.16,1.7,83,"Knoxville, TN",6/29/2015 14:05
146,702,0.77,1.36,13,"La Crosse-Eau Claire, WI",6/29/2015 14:05
75,582,0.06,1.85,17,"Lafayette, IN",6/29/2015 14:05
116,642,-0.03,1.98,68,"Lafayette, LA",6/29/2015 14:05
117,643,-0.36,2.27,14,"Lake Charles, LA",6/29/2015 14:05
52,551,0.71,2.49,52,"Lansing, MI",6/29/2015 14:05
162,749,2.2,3.68,10,"Laredo, TX",6/29/2015 14:05
196,839,0.06,2.02,216,"Las Vegas, NV",6/29/2015 14:05
42,541,0.15,2.05,26,"Lexington, KY",6/29/2015 14:05
58,558,-1.14,3.29,7,"Lima, OH",6/29/2015 14:05
154,722,0.73,2.52,30,"Lincoln & Hastings-Kearney, NE",6/29/2015 14:05
144,693,0.27,1.54,70,"Little Rock-Pine Bluff, AR",6/29/2015 14:05
185,803,0.22,1.95,3083,"Los Angeles, CA",6/29/2015 14:05
30,529,0.18,1.8,111,"Louisville, KY",6/29/2015 14:05
123,651,-0.78,2.06,40,"Lubbock, TX",6/29/2015 14:05
4,503,-0.22,1.35,46,"Macon, GA",6/29/2015 14:05
131,669,0,2.42,15,"Madison, WI",6/29/2015 14:05
159,737,-0.5,2.52,4,"Mankato, MN",6/29/2015 14:05
53,553,0,0,5,"Marquette, MI",6/29/2015 14:05
190,813,0.43,1.75,21,"Medford-Klamath Falls, OR",6/29/2015 14:05
114,640,0.03,1.93,159,"Memphis, TN",6/29/2015 14:05
150,711,0.57,1.81,7,"Meridian, MS",6/29/2015 14:05
29,528,0.04,1.83,763,"Miami-Ft. Lauderdale, FL",6/29/2015 14:05
95,617,-0.15,2.17,190,"Milwaukee, WI",6/29/2015 14:05
93,613,0.22,2.22,287,"Minneapolis-St. Paul, MN",6/29/2015 14:05
141,687,0,0,5,"Minot-Bismarck-Dickinson(Williston), ND",6/29/2015 14:05
173,762,1,1,5,"Missoula, MT",6/29/2015 14:05
140,686,0.26,1.39,95,"Mobile, AL-Pensacola (Ft. Walton Beach), FL",6/29/2015 14:05
104,628,0.38,1.48,32,"Monroe, LA-El Dorado, AR",6/29/2015 14:05
195,828,0.07,1.42,60,"Monterey-Salinas, CA",6/29/2015 14:05
145,698,0.71,2.6,49,"Montgomery (Selma), AL",6/29/2015 14:05
128,659,0.3,1.76,244,"Nashville, TN",6/29/2015 14:05
98,622,-0.08,2.15,336,"New Orleans, LA",6/29/2015 14:05
2,501,0.25,1.79,1580,"New York, NY",6/29/2015 14:05
45,544,0.24,2.22,211,"Norfolk-Portsmouth-Newport News,VA",6/29/2015 14:05
160,740,0,0,2,"North Platte, NE",6/29/2015 14:05
108,633,0.26,1.66,23,"Odessa-Midland, TX",6/29/2015 14:05
122,650,-0.1,2.1,189,"Oklahoma City, OK",6/29/2015 14:05
124,652,0.17,2.52,103,"Omaha, NE",6/29/2015 14:05
35,534,-0.06,2.01,311,"Orlando-Daytona Beach-Melbourne, FL",6/29/2015 14:05
106,631,0,NA,1,"Ottumwa, IA-Kirksville, MO",6/29/2015 14:05
107,632,-0.59,1.44,22,"Paducah, KY-Cape Girardeau, MO-Harrisburg-Mount Vernon, IL",6/29/2015 14:05
186,804,0.17,2.23,72,"Palm Springs, CA",6/29/2015 14:05
125,656,0.21,1.59,42,"Panama City, FL",6/29/2015 14:05
81,597,0.14,2.57,14,"Parkersburg, WV",6/29/2015 14:05
135,675,0.67,1.37,12,"Peoria-Bloomington, IL",6/29/2015 14:05
5,504,0.16,2.02,616,"Philadelphia, PA",6/29/2015 14:05
165,753,0.23,1.92,493,"Phoenix, AZ",6/29/2015 14:05
9,508,0.19,1.65,171,"Pittsburgh, PA",6/29/2015 14:05
192,820,0.13,1.72,294,"Portland, OR",6/29/2015 14:05
1,500,0.95,2.14,20,"Portland-Auburn, ME",6/29/2015 14:05
22,521,0.26,1.69,93,"Providence, RI-New Bedford, MA",6/29/2015 14:05
152,717,0.27,0.65,11,"Quincy, IL-Hannibal, MO-Keokuk, IA",6/29/2015 14:05
59,560,0.22,1.96,262,"Raleigh-Durham (Fayetteville), NC",6/29/2015 14:05
174,764,-0.2,0.63,10,"Rapid City, SD",6/29/2015 14:05
189,811,0.31,1.98,65,"Reno, NV",6/29/2015 14:05
56,556,-0.23,2.1,56,"Richmond-Petersburg, VA",6/29/2015 14:05
69,573,0.35,1.64,49,"Roanoke-Lynchburg, VA",6/29/2015 14:05
91,611,2.36,2.25,11,"Rochester, MN-Mason City, IA-Austin, MN",6/29/2015 14:05
39,538,0.44,1.01,9,"Rochester, NY",6/29/2015 14:05
90,610,0,1.67,29,"Rockford, IL",6/29/2015 14:05
198,862,0.13,1.9,355,"Sacramento-Stockton-Modesto, CA",6/29/2015 14:05
72,576,-0.32,2.04,38,"Salisbury, MD",6/29/2015 14:05
177,770,0.32,1.78,216,"Salt Lake City, UT",6/29/2015 14:05
129,661,-0.29,2.16,14,"San Angelo, TX",6/29/2015 14:05
115,641,0.11,1.73,405,"San Antonio, TX",6/29/2015 14:05
194,825,0.18,1.78,372,"San Diego, CA",6/29/2015 14:05
187,807,0.31,1.88,997,"San Francisco-Oakland-San Jose, CA",6/29/2015 14:05
197,855,0.37,1.34,46,"Santa Barbara-Santa Maria-San Luis Obispo, CA",6/29/2015 14:05
8,507,0.53,1.56,57,"Savannah, GA",6/29/2015 14:05
191,819,0.15,1.64,522,"Seattle-Tacoma, WA",6/29/2015 14:05
126,657,0.33,0.89,12,"Sherman, TX-Ada, OK",6/29/2015 14:05
92,612,-0.05,1.78,76,"Shreveport, LA",6/29/2015 14:05
100,624,-0.24,2.49,37,"Sioux City, IA",6/29/2015 14:05
156,725,0.12,0.89,16,"Sioux Falls(Mitchell), SD",6/29/2015 14:05
78,588,0.24,1.66,83,"South Bend-Elkhart, IN",6/29/2015 14:05
201,881,0.17,1.27,54,"Spokane, WA",6/29/2015 14:05
97,619,0.45,1.75,11,"Springfield, MO",6/29/2015 14:05
44,543,0.31,1.91,26,"Springfield-Holyoke, MA",6/29/2015 14:05
89,609,0.23,2.16,111,"St. Louis, MO",6/29/2015 14:05
55,555,0.33,0.73,27,"Syracuse, NY",6/29/2015 14:05
31,530,0.09,1.65,32,"Tallahassee, FL-Thomasville, GA",6/29/2015 14:05
40,539,0.16,1.62,232,"Tampa-St Petersburg (Sarasota), FL",6/29/2015 14:05
74,581,1.08,2.78,12,"Terre Haute, IN",6/29/2015 14:05
48,547,-0.21,2.47,121,"Toledo, OH",6/29/2015 14:05
87,605,0.35,2.08,23,"Topeka, KS",6/29/2015 14:05
41,540,1,2.24,7,"Traverse City-Cadillac, MI",6/29/2015 14:05
32,531,1.05,2.09,19,"Tri-Cities, TN-VA",6/29/2015 14:05
180,789,-0.04,2.49,83,"Tucson (Sierra Vista), AZ",6/29/2015 14:05
133,671,0.25,2.48,99,"Tulsa, OK",6/29/2015 14:05
172,760,1.5,0.71,2,"Twin Falls, ID",6/29/2015 14:05
148,709,0.16,1.35,38,"Tyler-Longview(Lufkin & Nacogdoches), TX",6/29/2015 14:05
27,526,0.2,1.82,15,"Utica, NY",6/29/2015 14:05
102,626,-1.12,2.8,8,"Victoria, TX",6/29/2015 14:05
101,625,0.11,1.61,123,"Waco-Temple-Bryan, TX",6/29/2015 14:05
12,511,0.06,2.15,438,"Washington, DC (Hagerstown, MD)",6/29/2015 14:05
50,549,1.12,3.18,8,"Watertown, NY",6/29/2015 14:05
147,705,1.5,2.51,6,"Wausau-Rhinelander, WI",6/29/2015 14:05
49,548,0.22,1.41,125,"West Palm Beach-Ft. Pierce, FL",6/29/2015 14:05
54,554,0.43,1.09,14,"Wheeling, WV-Steubenville, OH",6/29/2015 14:05
103,627,0.14,2.03,37,"Wichita Falls, TX & Lawton, OK",6/29/2015 14:05
137,678,0.5,2.21,117,"Wichita-Hutchinson, KS",6/29/2015 14:05
73,577,0,1.89,39,"Wilkes Barre-Scranton, PA",6/29/2015 14:05
51,550,0.93,2.34,14,"Wilmington, NC",6/29/2015 14:05
188,810,-0.08,2.91,38,"Yakima-Pasco-Richland-Kennewick, WA",6/29/2015 14:05
37,536,0.05,1.29,22,"Youngstown, OH",6/29/2015 14:05
178,771,0.12,2.03,42,"Yuma, AZ-El Centro, CA",6/29/2015 14:05
80,596,-1,1.41,5,"Zanesville, OH",6/29/2015 14:05
132,662,0.59,1.74,27,"Abilene-Sweetwater, TX",6/30/2015 8:25
26,525,-0.29,1.79,21,"Albany, GA",6/30/2015 8:25
33,532,0.17,2.06,139,"Albany-Schenectady-Troy, NY",6/30/2015 8:25
183,790,0.1,1.74,316,"Albuquerque-Santa Fe, NM",6/30/2015 8:25
120,644,1.15,2.97,27,"Alexandria, LA",6/30/2015 8:25
78,583,-3,4.24,2,"Alpena, MI",6/30/2015 8:25
111,634,-0.21,2.12,43,"Amarillo, TX",6/30/2015 8:25
25,524,0.24,1.89,1577,"Atlanta, GA",6/30/2015 8:25
21,520,0.34,1.53,97,"Augusta, GA",6/30/2015 8:25
112,635,0.38,1.8,681,"Austin, TX",6/30/2015 8:25
184,800,-0.1,2.18,82,"Bakersfield, CA",6/30/2015 8:25
13,512,-0.01,2.03,725,"Baltimore, MD",6/30/2015 8:25
38,537,0.67,1.14,18,"Bangor, ME",6/30/2015 8:25
153,716,-0.02,1.65,192,"Baton Rouge, LA",6/30/2015 8:25
145,692,0.16,1.76,159,"Beaumont-Port Arthur, TX",6/30/2015 8:25
195,821,0.1,1.66,10,"Bend, OR",6/30/2015 8:25
169,756,0.13,0.52,15,"Billings, MT",6/30/2015 8:25
162,746,0.27,1.33,33,"Biloxi-Gulfport, MS",6/30/2015 8:25
3,502,0.75,1.78,24,"Binghamton, NY",6/30/2015 8:25
107,630,0.27,1.98,324,"Birmingham, AL",6/30/2015 8:25
60,559,0.33,1.3,12,"Bluefield-Beckley-Oak Hill, WV",6/30/2015 8:25
170,757,0.15,1.59,26,"Boise, ID",6/30/2015 8:25
7,506,0.21,1.94,1467,"Boston, MA-Manchester, NH",6/30/2015 8:25
160,736,0.54,2.45,39,"Bowling Green, KY",6/30/2015 8:25
15,514,0.15,2.01,362,"Buffalo, NY",6/30/2015 8:25
24,523,0.35,1.85,46,"Burlington, VT-Plattsburgh, NY",6/30/2015 8:25
167,754,0,1,15,"Butte-Bozeman, MT",6/30/2015 8:25
178,767,-0.5,1.41,8,"Casper-Riverton, WY",6/30/2015 8:25
114,637,0.62,1.62,131,"Cedar Rapids-Waterloo-Iowa City & Dubuque, IA",6/30/2015 8:25
122,648,0.14,1.97,195,"Champaign & Springfield-Decatur,IL",6/30/2015 8:25
20,519,-0.04,1.62,138,"Charleston, SC",6/30/2015 8:25
64,564,0.29,1.94,65,"Charleston-Huntington, WV",6/30/2015 8:25
18,517,0.24,1.75,707,"Charlotte, NC",6/30/2015 8:25
79,584,-0.21,2.92,28,"Charlottesville, VA",6/30/2015 8:25
73,575,0.47,1.8,189,"Chattanooga, TN",6/30/2015 8:25
172,759,0.69,2.36,16,"Cheyenne, WY-Scottsbluff, NE",6/30/2015 8:25
86,602,0.29,1.88,2702,"Chicago, IL",6/30/2015 8:25
202,868,0.63,1.34,46,"Chico-Redding, CA",6/30/2015 8:25
16,515,0.42,2.15,440,"Cincinnati, OH",6/30/2015 8:25
84,598,1.08,2.07,12,"Clarksburg-Weston, WV",6/30/2015 8:25
11,510,0.25,2.19,1577,"Cleveland-Akron (Canton), OH",6/30/2015 8:25
165,752,0.38,2.37,134,"Colorado Springs-Pueblo, CO",6/30/2015 8:25
47,546,-0.27,2.04,94,"Columbia, SC",6/30/2015 8:25
88,604,0.91,2.07,22,"Columbia-Jefferson City, MO",6/30/2015 8:25
23,522,0,2.05,190,"Columbus, GA",6/30/2015 8:25
36,535,0.3,2.14,864,"Columbus, OH",6/30/2015 8:25
136,673,0.29,1.53,45,"Columbus-Tupelo-West Point, MS",6/30/2015 8:25
85,600,0.1,1.88,111,"Corpus Christi, TX",6/30/2015 8:25
101,623,0.23,1.97,2767,"Dallas-Ft. Worth, TX",6/30/2015 8:25
141,682,0.12,2.1,91,"Davenport,IA-Rock Island-Moline,IL",6/30/2015 8:25
43,542,0.17,2.08,219,"Dayton, OH",6/30/2015 8:25
164,751,0.49,1.89,683,"Denver, CO",6/30/2015 8:25
140,679,0.24,1.78,209,"Des Moines-Ames, IA",6/30/2015 8:25
6,505,0.05,2.19,1243,"Detroit, MI",6/30/2015 8:25
90,606,0.95,1.67,20,"Dothan, AL",6/30/2015 8:25
138,676,0.18,1.47,28,"Duluth, MN-Superior, WI",6/30/2015 8:25
176,765,0.63,1.97,118,"El Paso, TX",6/30/2015 8:25
65,565,0.23,1.77,35,"Elmira, NY",6/30/2015 8:25
17,516,0.24,2.3,71,"Erie, PA",6/30/2015 8:25
185,801,0.08,1.72,60,"Eugene, OR",6/30/2015 8:25
186,802,0.29,1.25,7,"Eureka, CA",6/30/2015 8:25
123,649,0.38,2.4,89,"Evansville, IN",6/30/2015 8:25
157,724,0.15,1.81,68,"Fargo-Valley City, ND",6/30/2015 8:25
14,513,0.07,2.61,246,"Flint-Saginaw-Bay City, MI",6/30/2015 8:25
69,570,0.3,1.62,184,"Florence-Myrtle Beach, SC",6/30/2015 8:25
201,866,0.52,1.79,225,"Fresno-Visalia, CA",6/30/2015 8:25
70,571,0.26,1.79,148,"Ft. Myers-Naples, FL",6/30/2015 8:25
134,670,-0.1,2.42,59,"Ft. Smith-Fayetteville-Springdale-Rogers, AR",6/30/2015 8:25
10,509,0.36,2.22,110,"Ft. Wayne, IN",6/30/2015 8:25
81,592,0.53,1.47,45,"Gainesville, FL",6/30/2015 8:25
181,773,-0.29,3.5,7,"Grand Junction-Montrose, CO",6/30/2015 8:25
63,563,0.35,2.1,350,"Grand Rapids-Kalamazoo-Battle Creek, MI",6/30/2015 8:25
168,755,0.6,1.34,5,"Great Falls, MT",6/30/2015 8:25
129,658,0.13,2.23,104,"Green Bay-Appleton, WI",6/30/2015 8:25
19,518,0.21,1.82,367,"Greensboro-High Point-Winston Salem, NC",6/30/2015 8:25
46,545,0.29,1.88,123,"Greenville-New Bern-Washington, NC",6/30/2015 8:25
67,567,0.1,1.63,355,"Greenville-Spartanburg, SC-Asheville, NC-Anderson, SC",6/30/2015 8:25
121,647,0,0,4,"Greenwood-Greenville, MS",6/30/2015 8:25
113,636,0.09,1.93,179,"Harlingen-Weslaco-Brownsville-McAllen, TX",6/30/2015 8:25
66,566,-0.04,1.8,158,"Harrisburg-Lancaster-Lebanon-York, PA",6/30/2015 8:25
68,569,-0.04,1.4,26,"Harrisonburg, VA",6/30/2015 8:25
34,533,0.22,2.08,412,"Hartford & New Haven, CT",6/30/2015 8:25
151,710,-0.15,0.75,20,"Hattiesburg-Laurel, MS",6/30/2015 8:25
177,766,0,0,4,"Helena, MT",6/30/2015 8:25
98,618,0.12,1.99,2214,"Houston, TX",6/30/2015 8:25
144,691,0.4,2.03,154,"Huntsville-Decatur (Florence), AL",6/30/2015 8:25
171,758,0.55,1.39,20,"Idaho Falls-Pocatello, ID",6/30/2015 8:25
28,527,0.34,2.05,734,"Indianapolis, IN",6/30/2015 8:25
155,718,-0.19,2.07,168,"Jackson, MS",6/30/2015 8:25
115,639,0.07,1.74,30,"Jackson, TN",6/30/2015 8:25
62,561,0.14,1.75,56,"Jacksonville, FL",6/30/2015 8:25
72,574,0.78,1.75,41,"Johnstown-Altoona, PA",6/30/2015 8:25
159,734,1.86,2.67,7,"Jonesboro, AR",6/30/2015 8:25
87,603,1.31,2.58,32,"Joplin, MO-Pittsburg, KS",6/30/2015 8:25
96,616,0.21,2.06,441,"Kansas City, MO",6/30/2015 8:25
58,557,0.18,2.02,334,"Knoxville, TN",6/30/2015 8:25
148,702,0.43,1.85,42,"La Crosse-Eau Claire, WI",6/30/2015 8:25
77,582,-0.13,1.74,38,"Lafayette, IN",6/30/2015 8:25
118,642,0.01,1.87,146,"Lafayette, LA",6/30/2015 8:25
119,643,0.16,2.3,61,"Lake Charles, LA",6/30/2015 8:25
52,551,0.08,1.96,167,"Lansing, MI",6/30/2015 8:25
163,749,1.14,3.23,21,"Laredo, TX",6/30/2015 8:25
198,839,0.08,1.63,270,"Las Vegas, NV",6/30/2015 8:25
42,541,0.67,2.1,79,"Lexington, KY",6/30/2015 8:25
59,558,0.17,2.25,65,"Lima, OH",6/30/2015 8:25
156,722,0.42,1.97,73,"Lincoln & Hastings-Kearney, NE",6/30/2015 8:25
146,693,0.27,1.79,179,"Little Rock-Pine Bluff, AR",6/30/2015 8:25
187,803,0.27,1.96,3888,"Los Angeles, CA",6/30/2015 8:25
30,529,0.46,1.84,289,"Louisville, KY",6/30/2015 8:25
125,651,0.32,1.51,84,"Lubbock, TX",6/30/2015 8:25
4,503,0.12,1.79,156,"Macon, GA",6/30/2015 8:25
133,669,0.19,1.72,57,"Madison, WI",6/30/2015 8:25
161,737,0.18,1.33,11,"Mankato, MN",6/30/2015 8:25
54,553,-0.33,0.82,6,"Marquette, MI",6/30/2015 8:25
192,813,-0.19,1.05,16,"Medford-Klamath Falls, OR",6/30/2015 8:25
116,640,0.11,1.89,401,"Memphis, TN",6/30/2015 8:25
152,711,-0.33,1.15,12,"Meridian, MS",6/30/2015 8:25
29,528,0.15,1.85,1524,"Miami-Ft. Lauderdale, FL",6/30/2015 8:25
97,617,0.21,1.76,474,"Milwaukee, WI",6/30/2015 8:25
95,613,0.49,1.9,620,"Minneapolis-St. Paul, MN",6/30/2015 8:25
143,687,0.57,1.22,14,"Minot-Bismarck-Dickinson(Williston), ND",6/30/2015 8:25
174,762,0.21,1.44,19,"Missoula, MT",6/30/2015 8:25
142,686,0.02,2.31,229,"Mobile, AL-Pensacola (Ft. Walton Beach), FL",6/30/2015 8:25
106,628,-0.08,2.35,76,"Monroe, LA-El Dorado, AR",6/30/2015 8:25
197,828,0.18,2.31,124,"Monterey-Salinas, CA",6/30/2015 8:25
147,698,-0.2,2.27,109,"Montgomery (Selma), AL",6/30/2015 8:25
130,659,0.56,2.28,654,"Nashville, TN",6/30/2015 8:25
100,622,-0.03,1.92,716,"New Orleans, LA",6/30/2015 8:25
2,501,0.28,1.87,4795,"New York, NY",6/30/2015 8:25
45,544,0.1,2.16,736,"Norfolk-Portsmouth-Newport News,VA",6/30/2015 8:25
110,633,0.22,2.37,49,"Odessa-Midland, TX",6/30/2015 8:25
124,650,0.34,1.66,391,"Oklahoma City, OK",6/30/2015 8:25
126,652,0.57,1.88,277,"Omaha, NE",6/30/2015 8:25
35,534,0.19,1.89,820,"Orlando-Daytona Beach-Melbourne, FL",6/30/2015 8:25
108,631,0,0.82,4,"Ottumwa, IA-Kirksville, MO",6/30/2015 8:25
109,632,0.19,1.66,70,"Paducah, KY-Cape Girardeau, MO-Harrisburg-Mount Vernon, IL",6/30/2015 8:25
188,804,-0.13,1.45,94,"Palm Springs, CA",6/30/2015 8:25
127,656,0.31,1.97,95,"Panama City, FL",6/30/2015 8:25
83,597,-0.03,2.39,31,"Parkersburg, WV",6/30/2015 8:25
137,675,0.31,1.9,67,"Peoria-Bloomington, IL",6/30/2015 8:25
5,504,0.18,1.98,1978,"Philadelphia, PA",6/30/2015 8:25
166,753,0.24,1.88,910,"Phoenix, AZ",6/30/2015 8:25
9,508,0.62,2.15,400,"Pittsburgh, PA",6/30/2015 8:25
194,820,0.42,2.01,411,"Portland, OR",6/30/2015 8:25
1,500,0.23,1.73,124,"Portland-Auburn, ME",6/30/2015 8:25
53,552,0.5,3.54,2,"Presque Isle, ME",6/30/2015 8:25
22,521,0.07,2.29,285,"Providence, RI-New Bedford, MA",6/30/2015 8:25
154,717,0.15,1.28,13,"Quincy, IL-Hannibal, MO-Keokuk, IA",6/30/2015 8:25
61,560,0.38,2.08,773,"Raleigh-Durham (Fayetteville), NC",6/30/2015 8:25
175,764,0.53,2.44,19,"Rapid City, SD",6/30/2015 8:25
191,811,0.64,1.79,107,"Reno, NV",6/30/2015 8:25
57,556,0.03,2.15,216,"Richmond-Petersburg, VA",6/30/2015 8:25
71,573,0.3,2.27,145,"Roanoke-Lynchburg, VA",6/30/2015 8:25
93,611,0.6,1.26,10,"Rochester, MN-Mason City, IA-Austin, MN",6/30/2015 8:25
39,538,0.22,1.31,59,"Rochester, NY",6/30/2015 8:25
92,610,0.12,1.57,72,"Rockford, IL",6/30/2015 8:25
200,862,0.14,1.9,515,"Sacramento-Stockton-Modesto, CA",6/30/2015 8:25
74,576,0.1,1.93,81,"Salisbury, MD",6/30/2015 8:25
179,770,0.29,1.7,343,"Salt Lake City, UT",6/30/2015 8:25
131,661,0,1.91,23,"San Angelo, TX",6/30/2015 8:25
117,641,0.26,2.09,752,"San Antonio, TX",6/30/2015 8:25
196,825,0.25,1.84,552,"San Diego, CA",6/30/2015 8:25
189,807,0.35,1.88,1661,"San Francisco-Oakland-San Jose, CA",6/30/2015 8:25
199,855,0.15,1.5,55,"Santa Barbara-Santa Maria-San Luis Obispo, CA",6/30/2015 8:25
8,507,0.62,2.12,151,"Savannah, GA",6/30/2015 8:25
193,819,0.28,1.9,701,"Seattle-Tacoma, WA",6/30/2015 8:25
128,657,0.11,1.55,27,"Sherman, TX-Ada, OK",6/30/2015 8:25
94,612,-0.12,1.73,101,"Shreveport, LA",6/30/2015 8:25
102,624,0.46,1.91,52,"Sioux City, IA",6/30/2015 8:25
158,725,0.8,1.89,45,"Sioux Falls(Mitchell), SD",6/30/2015 8:25
80,588,0.87,1.87,162,"South Bend-Elkhart, IN",6/30/2015 8:25
203,881,0.39,1.28,64,"Spokane, WA",6/30/2015 8:25
99,619,0.2,1.37,30,"Springfield, MO",6/30/2015 8:25
44,543,0.02,2.2,132,"Springfield-Holyoke, MA",6/30/2015 8:25
91,609,0.32,1.92,331,"St. Louis, MO",6/30/2015 8:25
56,555,0.52,2.27,108,"Syracuse, NY",6/30/2015 8:25
31,530,0.56,1.97,181,"Tallahassee, FL-Thomasville, GA",6/30/2015 8:25
40,539,0.14,1.87,541,"Tampa-St Petersburg (Sarasota), FL",6/30/2015 8:25
76,581,0.48,1.62,23,"Terre Haute, IN",6/30/2015 8:25
48,547,0.32,2.07,302,"Toledo, OH",6/30/2015 8:25
89,605,0.32,1.61,69,"Topeka, KS",6/30/2015 8:25
41,540,1.1,1.73,10,"Traverse City-Cadillac, MI",6/30/2015 8:25
32,531,0.27,1.98,49,"Tri-Cities, TN-VA",6/30/2015 8:25
182,789,0.83,2.24,137,"Tucson (Sierra Vista), AZ",6/30/2015 8:25
135,671,0.43,1.84,257,"Tulsa, OK",6/30/2015 8:25
173,760,0.8,1.79,5,"Twin Falls, ID",6/30/2015 8:25
150,709,0.31,1.5,114,"Tyler-Longview(Lufkin & Nacogdoches), TX",6/30/2015 8:25
27,526,0.21,3.24,33,"Utica, NY",6/30/2015 8:25
104,626,-0.09,2.12,11,"Victoria, TX",6/30/2015 8:25
103,625,0.44,1.84,246,"Waco-Temple-Bryan, TX",6/30/2015 8:25
12,511,0.27,1.83,1627,"Washington, DC (Hagerstown, MD)",6/30/2015 8:25
50,549,0.07,1.28,15,"Watertown, NY",6/30/2015 8:25
149,705,0.4,2.44,15,"Wausau-Rhinelander, WI",6/30/2015 8:25
49,548,0.35,1.63,377,"West Palm Beach-Ft. Pierce, FL",6/30/2015 8:25
55,554,0.03,1.81,33,"Wheeling, WV-Steubenville, OH",6/30/2015 8:25
105,627,-0.15,1.71,60,"Wichita Falls, TX & Lawton, OK",6/30/2015 8:25
139,678,0.52,1.97,293,"Wichita-Hutchinson, KS",6/30/2015 8:25
75,577,0.26,1.72,117,"Wilkes Barre-Scranton, PA",6/30/2015 8:25
51,550,0.06,2.67,18,"Wilmington, NC",6/30/2015 8:25
190,810,0.29,1.37,77,"Yakima-Pasco-Richland-Kennewick, WA",6/30/2015 8:25
37,536,0.24,1.93,50,"Youngstown, OH",6/30/2015 8:25
180,771,-0.05,2.54,22,"Yuma, AZ-El Centro, CA",6/30/2015 8:25
82,596,0.5,1.73,4,"Zanesville, OH",6/30/2015 8:25
,DMA,scores,sd,count,Region,date
,DMA,scores,sd,count,Region,date
,DMA,scores,sd,count,Region,date
,DMA,scores,sd,count,Region,date
,DMA,scores,sd,count,Region,date
,DMA,scores,sd,count,Region,date
,DMA,scores,sd,count,Region,date
1,500,0.19,1.23,48,"Portland-Auburn, ME",6/30/2015 13:47
2,501,0.24,1.86,2587,"New York, NY",6/30/2015 13:47
3,502,-1,1.91,7,"Binghamton, NY",6/30/2015 13:47
4,503,0.16,1.9,73,"Macon, GA",6/30/2015 13:47
5,504,0.13,2.01,1047,"Philadelphia, PA",6/30/2015 13:47
6,505,0.03,2.28,793,"Detroit, MI",6/30/2015 13:47
7,506,0.23,2.01,662,"Boston, MA-Manchester, NH",6/30/2015 13:47
8,507,0.03,2.3,104,"Savannah, GA",6/30/2015 13:47
9,508,0.32,1.66,268,"Pittsburgh, PA",6/30/2015 13:47
10,509,0.23,1.77,71,"Ft. Wayne, IN",6/30/2015 13:47
11,510,0.05,2.21,1073,"Cleveland-Akron (Canton), OH",6/30/2015 13:47
12,511,0.27,1.87,707,"Washington, DC (Hagerstown, MD)",6/30/2015 13:47
13,512,0.05,2.13,289,"Baltimore, MD",6/30/2015 13:47
14,513,0.39,1.86,109,"Flint-Saginaw-Bay City, MI",6/30/2015 13:47
15,514,-0.07,2.12,217,"Buffalo, NY",6/30/2015 13:47
16,515,0.36,1.89,215,"Cincinnati, OH",6/30/2015 13:47
17,516,0.55,1.76,20,"Erie, PA",6/30/2015 13:47
18,517,0.35,2.01,349,"Charlotte, NC",6/30/2015 13:47
19,518,0.12,2.06,219,"Greensboro-High Point-Winston Salem, NC",6/30/2015 13:47
20,519,0.21,2.05,71,"Charleston, SC",6/30/2015 13:47
21,520,-0.27,1.76,41,"Augusta, GA",6/30/2015 13:47
22,521,-0.04,1.49,132,"Providence, RI-New Bedford, MA",6/30/2015 13:47
23,522,0.25,1.5,85,"Columbus, GA",6/30/2015 13:47
24,523,-0.45,2.13,22,"Burlington, VT-Plattsburgh, NY",6/30/2015 13:47
25,524,0.26,2.23,727,"Atlanta, GA",6/30/2015 13:47
26,525,0.4,2.07,5,"Albany, GA",6/30/2015 13:47
27,526,0.12,2,17,"Utica, NY",6/30/2015 13:47
28,527,0.11,2.13,488,"Indianapolis, IN",6/30/2015 13:47
29,528,0.11,1.81,809,"Miami-Ft. Lauderdale, FL",6/30/2015 13:47
30,529,0.1,2.04,218,"Louisville, KY",6/30/2015 13:47
31,530,0.15,1.58,110,"Tallahassee, FL-Thomasville, GA",6/30/2015 13:47
32,531,0.21,1.83,28,"Tri-Cities, TN-VA",6/30/2015 13:47
33,532,0.41,2.06,61,"Albany-Schenectady-Troy, NY",6/30/2015 13:47
34,533,0.22,2.26,152,"Hartford & New Haven, CT",6/30/2015 13:47
35,534,0.19,1.81,448,"Orlando-Daytona Beach-Melbourne, FL",6/30/2015 13:47
36,535,0.1,1.82,471,"Columbus, OH",6/30/2015 13:47
37,536,0.1,1.98,86,"Youngstown, OH",6/30/2015 13:47
38,537,0.14,1.23,14,"Bangor, ME",6/30/2015 13:47
39,538,0.24,1.15,33,"Rochester, NY",6/30/2015 13:47
40,539,0.25,2,366,"Tampa-St Petersburg (Sarasota), FL",6/30/2015 13:47
41,540,-0.76,1.89,17,"Traverse City-Cadillac, MI",6/30/2015 13:47
42,541,0.11,2.6,54,"Lexington, KY",6/30/2015 13:47
43,542,0.2,1.71,151,"Dayton, OH",6/30/2015 13:47
44,543,-0.12,2.55,69,"Springfield-Holyoke, MA",6/30/2015 13:47
45,544,0,2.19,400,"Norfolk-Portsmouth-Newport News,VA",6/30/2015 13:47
46,545,-0.19,1.8,64,"Greenville-New Bern-Washington, NC",6/30/2015 13:47
47,546,0.34,2.29,61,"Columbia, SC",6/30/2015 13:47
48,547,0.23,1.45,213,"Toledo, OH",6/30/2015 13:47
49,548,0.05,1.85,221,"West Palm Beach-Ft. Pierce, FL",6/30/2015 13:47
50,549,1.13,2.1,15,"Watertown, NY",6/30/2015 13:47
51,550,0.19,2.17,16,"Wilmington, NC",6/30/2015 13:47
52,551,-0.08,2.38,111,"Lansing, MI",6/30/2015 13:47
53,552,1.5,2.12,2,"Presque Isle, ME",6/30/2015 13:47
54,553,0,1.53,7,"Marquette, MI",6/30/2015 13:47
55,554,0.62,1.76,13,"Wheeling, WV-Steubenville, OH",6/30/2015 13:47
56,555,-0.15,2.2,65,"Syracuse, NY",6/30/2015 13:47
57,556,0.14,1.96,94,"Richmond-Petersburg, VA",6/30/2015 13:47
58,557,0.43,2.1,131,"Knoxville, TN",6/30/2015 13:47
59,558,0.06,1.68,17,"Lima, OH",6/30/2015 13:47
60,559,-2.67,3.88,6,"Bluefield-Beckley-Oak Hill, WV",6/30/2015 13:47
61,560,0.26,1.84,387,"Raleigh-Durham (Fayetteville), NC",6/30/2015 13:47
62,561,0.3,3.1,46,"Jacksonville, FL",6/30/2015 13:47
63,563,0.19,1.48,130,"Grand Rapids-Kalamazoo-Battle Creek, MI",6/30/2015 13:47
64,564,0.65,2.15,51,"Charleston-Huntington, WV",6/30/2015 13:47
65,565,0.55,1.29,11,"Elmira, NY",6/30/2015 13:47
66,566,0.5,1.71,76,"Harrisburg-Lancaster-Lebanon-York, PA",6/30/2015 13:47
67,567,0.21,2.09,117,"Greenville-Spartanburg, SC-Asheville, NC-Anderson, SC",6/30/2015 13:47
68,569,0.29,2.23,14,"Harrisonburg, VA",6/30/2015 13:47
69,570,0.11,1.66,122,"Florence-Myrtle Beach, SC",6/30/2015 13:47
70,571,0.49,1.39,55,"Ft. Myers-Naples, FL",6/30/2015 13:47
71,573,-0.1,3.21,77,"Roanoke-Lynchburg, VA",6/30/2015 13:47
72,574,0.56,1.12,25,"Johnstown-Altoona, PA",6/30/2015 13:47
73,575,0.09,1.59,79,"Chattanooga, TN",6/30/2015 13:47
74,576,0.39,1.73,41,"Salisbury, MD",6/30/2015 13:47
75,577,0.03,1.76,79,"Wilkes Barre-Scranton, PA",6/30/2015 13:47
76,581,-0.43,1.5,23,"Terre Haute, IN",6/30/2015 13:47
77,582,0.23,1.77,26,"Lafayette, IN",6/30/2015 13:47
78,583,1,1.41,2,"Alpena, MI",6/30/2015 13:47
79,584,1.9,1.79,10,"Charlottesville, VA",6/30/2015 13:47
80,588,0.14,1.65,77,"South Bend-Elkhart, IN",6/30/2015 13:47
81,592,0.41,1.36,32,"Gainesville, FL",6/30/2015 13:47
82,596,0.2,1.79,5,"Zanesville, OH",6/30/2015 13:47
83,597,-0.14,2.08,29,"Parkersburg, WV",6/30/2015 13:47
84,598,-0.09,4.04,11,"Clarksburg-Weston, WV",6/30/2015 13:47
85,600,0.18,2.07,142,"Corpus Christi, TX",6/30/2015 13:47
86,602,0.14,2.07,1596,"Chicago, IL",6/30/2015 13:47
87,603,0.5,1.54,20,"Joplin, MO-Pittsburg, KS",6/30/2015 13:47
88,604,0.17,1.47,18,"Columbia-Jefferson City, MO",6/30/2015 13:47
89,605,0.53,2.39,57,"Topeka, KS",6/30/2015 13:47
90,606,0.57,0.98,7,"Dothan, AL",6/30/2015 13:47
91,609,0.3,1.61,266,"St. Louis, MO",6/30/2015 13:47
92,610,-0.04,1.89,47,"Rockford, IL",6/30/2015 13:47
93,611,0.36,1.5,11,"Rochester, MN-Mason City, IA-Austin, MN",6/30/2015 13:47
94,612,-0.28,2.59,93,"Shreveport, LA",6/30/2015 13:47
95,613,0.28,1.88,426,"Minneapolis-St. Paul, MN",6/30/2015 13:47
96,616,0.59,2.36,326,"Kansas City, MO",6/30/2015 13:47
97,617,-0.06,2.18,272,"Milwaukee, WI",6/30/2015 13:47
98,618,-0.01,1.93,1647,"Houston, TX",6/30/2015 13:47
99,619,0.81,1.33,27,"Springfield, MO",6/30/2015 13:47
100,622,-0.09,2.17,429,"New Orleans, LA",6/30/2015 13:47
101,623,0.14,1.91,2098,"Dallas-Ft. Worth, TX",6/30/2015 13:47
102,624,0.41,1.5,39,"Sioux City, IA",6/30/2015 13:47
103,625,0.05,1.54,187,"Waco-Temple-Bryan, TX",6/30/2015 13:47
104,626,0.62,1.39,13,"Victoria, TX",6/30/2015 13:47
105,627,0.34,1.87,41,"Wichita Falls, TX & Lawton, OK",6/30/2015 13:47
106,628,0.3,2,44,"Monroe, LA-El Dorado, AR",6/30/2015 13:47
107,630,0.09,1.8,163,"Birmingham, AL",6/30/2015 13:47
108,631,4,NA,1,"Ottumwa, IA-Kirksville, MO",6/30/2015 13:47
109,632,0.52,1.78,27,"Paducah, KY-Cape Girardeau, MO-Harrisburg-Mount Vernon, IL",6/30/2015 13:47
110,633,-0.14,1.63,76,"Odessa-Midland, TX",6/30/2015 13:47
111,634,0.29,1.49,58,"Amarillo, TX",6/30/2015 13:47
112,635,0.29,1.67,536,"Austin, TX",6/30/2015 13:47
113,636,0.06,1.91,267,"Harlingen-Weslaco-Brownsville-McAllen, TX",6/30/2015 13:47
114,637,0.15,1.59,98,"Cedar Rapids-Waterloo-Iowa City & Dubuque, IA",6/30/2015 13:47
115,638,0,0,2,"St. Joseph, MO",6/30/2015 13:47
116,639,0.2,1.54,20,"Jackson, TN",6/30/2015 13:47
117,640,0.12,2.09,244,"Memphis, TN",6/30/2015 13:47
118,641,0.09,1.95,824,"San Antonio, TX",6/30/2015 13:47
119,642,0.08,1.5,133,"Lafayette, LA",6/30/2015 13:47
120,643,1,2.23,67,"Lake Charles, LA",6/30/2015 13:47
121,644,0.35,0.86,17,"Alexandria, LA",6/30/2015 13:47
122,647,0,0,12,"Greenwood-Greenville, MS",6/30/2015 13:47
123,648,0.14,1.61,107,"Champaign & Springfield-Decatur,IL",6/30/2015 13:47
124,649,0.03,2.4,60,"Evansville, IN",6/30/2015 13:47
125,650,0.43,1.81,271,"Oklahoma City, OK",6/30/2015 13:47
126,651,-0.16,2.26,44,"Lubbock, TX",6/30/2015 13:47
127,652,0.11,2.15,189,"Omaha, NE",6/30/2015 13:47
128,656,0.23,1.01,39,"Panama City, FL",6/30/2015 13:47
129,657,0.67,3.62,27,"Sherman, TX-Ada, OK",6/30/2015 13:47
130,658,-0.13,2,75,"Green Bay-Appleton, WI",6/30/2015 13:47
131,659,0.5,1.93,431,"Nashville, TN",6/30/2015 13:47
132,661,-0.14,2.19,28,"San Angelo, TX",6/30/2015 13:47
133,662,0.72,2.56,25,"Abilene-Sweetwater, TX",6/30/2015 13:47
134,669,0.69,1.43,58,"Madison, WI",6/30/2015 13:47
135,670,0.13,0.88,38,"Ft. Smith-Fayetteville-Springdale-Rogers, AR",6/30/2015 13:47
136,671,0.04,2.52,166,"Tulsa, OK",6/30/2015 13:47
137,673,0.4,1.55,15,"Columbus-Tupelo-West Point, MS",6/30/2015 13:47
138,675,0.72,1.67,25,"Peoria-Bloomington, IL",6/30/2015 13:47
139,676,0.48,1.33,33,"Duluth, MN-Superior, WI",6/30/2015 13:47
140,678,0.38,2.06,203,"Wichita-Hutchinson, KS",6/30/2015 13:47
141,679,0.59,1.71,129,"Des Moines-Ames, IA",6/30/2015 13:47
142,682,0.07,1.75,95,"Davenport,IA-Rock Island-Moline,IL",6/30/2015 13:47
143,686,0.31,1.55,148,"Mobile, AL-Pensacola (Ft. Walton Beach), FL",6/30/2015 13:47
144,687,0.13,1.06,23,"Minot-Bismarck-Dickinson(Williston), ND",6/30/2015 13:47
145,691,0.03,1.79,96,"Huntsville-Decatur (Florence), AL",6/30/2015 13:47
146,692,0.1,1.84,143,"Beaumont-Port Arthur, TX",6/30/2015 13:47
147,693,0.17,1.87,144,"Little Rock-Pine Bluff, AR",6/30/2015 13:47
148,698,0.29,1.94,99,"Montgomery (Selma), AL",6/30/2015 13:47
149,702,0,1.84,21,"La Crosse-Eau Claire, WI",6/30/2015 13:47
150,705,-0.33,1,9,"Wausau-Rhinelander, WI",6/30/2015 13:47
151,709,0.35,1.56,77,"Tyler-Longview(Lufkin & Nacogdoches), TX",6/30/2015 13:47
152,710,-0.25,0.71,8,"Hattiesburg-Laurel, MS",6/30/2015 13:47
153,711,0.56,1.42,9,"Meridian, MS",6/30/2015 13:47
154,716,-0.1,1.88,218,"Baton Rouge, LA",6/30/2015 13:47
155,717,-0.35,3.06,26,"Quincy, IL-Hannibal, MO-Keokuk, IA",6/30/2015 13:47
156,718,-0.22,1.59,182,"Jackson, MS",6/30/2015 13:47
157,722,0.04,2.17,45,"Lincoln & Hastings-Kearney, NE",6/30/2015 13:47
158,724,0.47,1.28,36,"Fargo-Valley City, ND",6/30/2015 13:47
159,725,1.03,1.52,29,"Sioux Falls(Mitchell), SD",6/30/2015 13:47
160,734,0,0,5,"Jonesboro, AR",6/30/2015 13:47
161,736,-0.18,0.6,11,"Bowling Green, KY",6/30/2015 13:47
162,737,-0.11,1.9,9,"Mankato, MN",6/30/2015 13:47
163,740,1,1.51,8,"North Platte, NE",6/30/2015 13:47
164,746,0.22,1.44,36,"Biloxi-Gulfport, MS",6/30/2015 13:47
165,749,0.44,1.03,16,"Laredo, TX",6/30/2015 13:47
166,751,0.4,1.81,392,"Denver, CO",6/30/2015 13:47
167,752,0.59,2.45,75,"Colorado Springs-Pueblo, CO",6/30/2015 13:47
168,753,0.25,1.98,970,"Phoenix, AZ",6/30/2015 13:47
169,754,0.15,1.77,13,"Butte-Bozeman, MT",6/30/2015 13:47
170,755,1.5,2.12,2,"Great Falls, MT",6/30/2015 13:47
171,756,0.2,1.23,10,"Billings, MT",6/30/2015 13:47
172,757,-0.19,1.87,37,"Boise, ID",6/30/2015 13:47
173,758,0.75,1.8,20,"Idaho Falls-Pocatello, ID",6/30/2015 13:47
174,759,0.4,0.89,5,"Cheyenne, WY-Scottsbluff, NE",6/30/2015 13:47
175,760,0.67,1.15,3,"Twin Falls, ID",6/30/2015 13:47
176,762,1.15,2.48,13,"Missoula, MT",6/30/2015 13:47
177,764,0.88,2.57,17,"Rapid City, SD",6/30/2015 13:47
178,765,0.21,2.1,121,"El Paso, TX",6/30/2015 13:47
179,766,-1.5,2.12,2,"Helena, MT",6/30/2015 13:47
180,767,0.11,2.52,9,"Casper-Riverton, WY",6/30/2015 13:47
181,770,0.18,2.08,284,"Salt Lake City, UT",6/30/2015 13:47
182,771,-0.12,1.89,42,"Yuma, AZ-El Centro, CA",6/30/2015 13:47
183,773,-0.56,2.7,9,"Grand Junction-Montrose, CO",6/30/2015 13:47
184,789,0.38,2,128,"Tucson (Sierra Vista), AZ",6/30/2015 13:47
185,790,0.18,1.99,169,"Albuquerque-Santa Fe, NM",6/30/2015 13:47
186,800,0.36,2.44,162,"Bakersfield, CA",6/30/2015 13:47
187,801,0.35,1.85,60,"Eugene, OR",6/30/2015 13:47
188,802,0.29,1.33,14,"Eureka, CA",6/30/2015 13:47
189,803,0.18,1.93,4744,"Los Angeles, CA",6/30/2015 13:47
190,804,0.32,2.22,92,"Palm Springs, CA",6/30/2015 13:47
191,807,0.29,1.85,1626,"San Francisco-Oakland-San Jose, CA",6/30/2015 13:47
192,810,0.12,1.61,105,"Yakima-Pasco-Richland-Kennewick, WA",6/30/2015 13:47
193,811,0.4,2.84,100,"Reno, NV",6/30/2015 13:47
194,813,-0.15,1.25,33,"Medford-Klamath Falls, OR",6/30/2015 13:47
195,819,0.32,1.99,777,"Seattle-Tacoma, WA",6/30/2015 13:47
196,820,0.15,2.03,592,"Portland, OR",6/30/2015 13:47
197,821,0.07,1.87,15,"Bend, OR",6/30/2015 13:47
198,825,0.12,1.91,1125,"San Diego, CA",6/30/2015 13:47
199,828,0.13,1.75,105,"Monterey-Salinas, CA",6/30/2015 13:47
200,839,0.29,1.71,344,"Las Vegas, NV",6/30/2015 13:47
201,855,0.51,2.42,85,"Santa Barbara-Santa Maria-San Luis Obispo, CA",6/30/2015 13:47
202,862,0.2,2.17,631,"Sacramento-Stockton-Modesto, CA",6/30/2015 13:47
203,866,0.37,2.18,297,"Fresno-Visalia, CA",6/30/2015 13:47
204,868,-0.26,1.95,50,"Chico-Redding, CA",6/30/2015 13:47
205,881,0.09,1.93,80,"Spokane, WA",6/30/2015 13:47
